case,version,median_ops_s,min_process_ops_s,max_process_ops_s,median_bytes_op,median_window_p95_us,median_window_p99_us
shared-handle-read-0,head,1444.0367033277548,1420.2328357263766,1446.94288903721,227783.41002348735,809.198,1192.0030000000002
shared-handle-read-0,final,1880.0695224742606,1848.3386880761418,1907.9973350976027,220938.33224880527,599.501,908.4635000000001
shared-handle-read-1,head,1295.3068151326247,1281.7972785560557,1302.3258604007478,237907.94910304167,893.978,1340.6309999999999
shared-handle-read-1,final,1683.7678156958373,1658.0472968629167,1712.623045502242,231063.2563928461,684.1685,979.1705
shared-handle-read-10,head,1094.8743315654963,1093.0728271805106,1119.9430051470274,302138.78883425856,1090.522,1587.3980000000001
shared-handle-read-10,final,1382.3853769381217,1367.3701816775135,1426.481981150677,295359.48989654426,844.1724999999999,1240.992
direct-ordinary-read-1,dev,94724.44250667372,89319.23985754112,95510.27222933772,10112.0000506732,12.413,16.5865
direct-ordinary-read-1,parent,88417.9769415898,86312.75887275195,90962.52659462659,10264.000054295124,11.616,16.892
direct-ordinary-read-1,final,82257.33063905276,75885.1641278557,83896.36256221075,10248.000058363848,13.339500000000001,18.9805
direct-legacy-read-1,dev,93917.74101073502,92429.7466690645,97938.09361046794,9992.000049890958,11.05,16.2205
direct-legacy-read-1,parent,87059.72542504364,85212.32223155172,88877.73441242253,10192.000055136512,12.1175,17.292
direct-legacy-read-1,final,73377.62427530803,70435.95571816571,75015.93223817759,10128.000065414704,14.501999999999999,20.188000000000002
direct-ordinary-open-1,dev,7138.096455123961,7049.33058507634,7222.329951988666,168124.80962241322,146.51350000000002,490.66549999999995
direct-ordinary-open-1,parent,16895.881304363,16349.739313395365,17064.59002964231,29208.000284097827,65.292,78.94200000000001
direct-ordinary-open-1,final,11044.456696122954,10762.736024526073,11121.446097187674,29920.00043458596,100.5075,121.1965
shared-ordinary-read-1,dev,50433.51874737394,49486.90510753247,52350.39346778449,10464.000095204006,24.0595,31.183
shared-ordinary-read-1,parent,51318.62091978708,47864.09324369919,52371.31199807428,10544.000093539908,25.4025,30.722
shared-ordinary-read-1,final,46059.79930454158,43706.63586253398,46822.98760418036,10552.00010421688,24.19,33.0015
shared-legacy-read-1,dev,8430.29994979628,8237.885898254746,8532.845660268542,151083.53375011316,129.276,416.9685
shared-legacy-read-1,parent,7950.606961002202,7830.96980146635,8029.536432379056,152131.6391219008,136.85500000000002,468.2695
shared-legacy-read-1,final,7670.290018170905,7652.151615133012,7880.212285675332,152635.6382191703,141.3435,479.445
