# Database images under $SCRATCH that were NOT archived (too large, duplicates of archived ones, or regenerable generator output).
# sha256	bytes	scratch_path
2a4a7995c0cb27df6a0601870302dc8e841d77ddab0a4f92663111a7213abbfd	55042048	mig/pristine.db
554ee0673b2190e509a4002e88a32dedce2ead6eceb66b258194791b095c787f	55042048	mig/t1.db
920fdd41e5cbdf5911228c92ecdfbeb87251e916eb14aae2a2a2fe5f63dacc92	55042048	mig/trial.db
dc605b144783cadce4c58d3bef73a6057a5d4c3887c2804cc08e4070756f7021	532480	sc/clean.db
9e530396b3ec3602d11c3e2be2bdf6ad65dc2eb8744943e393a1ec246a32f663	7266304	sc/img/t-log.db
34e1ee29a8eb23f4743311fe39b683a9d6f050b24d35df94de2755949e7a14fa	745472	sc/img/t.db
4ee709d75b86a8e25c2cfab21bace386371b466f25064826ca938d5fcd7726d4	49152	sc/legacy-heads.db
4ee709d75b86a8e25c2cfab21bace386371b466f25064826ca938d5fcd7726d4	49152	sc/legacy-v5s.db
4ee709d75b86a8e25c2cfab21bace386371b466f25064826ca938d5fcd7726d4	49152	sc/legacy.db
c17f1ae0d9237ce6b9abc55f7fba8ff595a9e15af820e336e2d0979c570c9fed	786432	shmig/a/t.db
b2a8b57fa3a24aac3502db8c369fd66ec1d4eedfef91f3e5c78d417900d7fc9f	163840	shmig/after-nobody/t-log.db
b3fd625beae1eafd0cc200e9a4f3eefb33e55ab883f08dfd731ab27d087cdab1	737280	shmig/after-nobody/t.db
3ea2555a4089b593be52d535cfb22e102660f4114d3a4ed276eee87568066006	786432	shmig/b/t.db
644ef6a5183d1328f4c4e0090111fc86d814685a6bb7604e4076032c18f790de	7258112	shmig/c/t-log.db
980786b718224071373322d09b4b0254a7bf624d33a71b7c0b73cffed5066885	737280	shmig/c/t.db
644ef6a5183d1328f4c4e0090111fc86d814685a6bb7604e4076032c18f790de	7258112	shmig/img/t-log.db
980786b718224071373322d09b4b0254a7bf624d33a71b7c0b73cffed5066885	737280	shmig/img/t.db
be4230eaff900f79fdd0a560631d2d95aaeefc63b1f05adca34e8ed8ec65707f	786432	shmig/r1/t.db
00f7d2e20b3184cc67bdcd73e8b5435bb74442e6fe72975354a3854927731c61	61440	r3a/images/enc-d4096/000-log.db
80d9897f9e4f66cfa6a087a8e9935500413c65f03c8cf115d914f2a69c7417c4	49152	r3a/images/enc-d4096/000.db
c85dd984be29f48b13b336710231fa0c36c643766826483ac3134e7ac116253e	61455	r3a/images/enc-d4096/001-log.db
80d9897f9e4f66cfa6a087a8e9935500413c65f03c8cf115d914f2a69c7417c4	49152	r3a/images/enc-d4096/001.db
4638fab8b485e7f6d60f09ab3446c3d426efb5fdfacf5812b46f48b04d057e18	77824	r3a/images/enc-d4096/002-log.db
80d9897f9e4f66cfa6a087a8e9935500413c65f03c8cf115d914f2a69c7417c4	49152	r3a/images/enc-d4096/002.db
4638fab8b485e7f6d60f09ab3446c3d426efb5fdfacf5812b46f48b04d057e18	77824	r3a/images/enc-d4096/003-log.db
311edd51509e38264c79f1d22d6b17478c2318f12facfcce6fae7f4e608aae3c	49152	r3a/images/enc-d4096/003.db
ff3adff823abc9a8905923674b33561597094f4b16d317550b8a0a131cdc343d	8192	r3a/images/enc-d4096/004-log.db
311edd51509e38264c79f1d22d6b17478c2318f12facfcce6fae7f4e608aae3c	49152	r3a/images/enc-d4096/004.db
8f9aa6b828790f99f566195b0ff8a8b7c3c33168ef5518e581a2e1fbaff51442	8207	r3a/images/enc-d4096/005-log.db
311edd51509e38264c79f1d22d6b17478c2318f12facfcce6fae7f4e608aae3c	49152	r3a/images/enc-d4096/005.db
58f6f2b61dfb401dbdc3d1781c50905b0723ada45a528fd08d8ac9627f22958e	8224	r3a/images/enc-d4096/006-log.db
311edd51509e38264c79f1d22d6b17478c2318f12facfcce6fae7f4e608aae3c	49152	r3a/images/enc-d4096/006.db
04c596544a2219d874b1c81d6b20f7a252d443522dd91e93c849901a9b2663cb	8239	r3a/images/enc-d4096/007-log.db
311edd51509e38264c79f1d22d6b17478c2318f12facfcce6fae7f4e608aae3c	49152	r3a/images/enc-d4096/007.db
f2b3d171c418a3d3896613bc38a72274a7b99fe2ccaab66b00727be9aee313c2	16384	r3a/images/enc-d4096/008-log.db
311edd51509e38264c79f1d22d6b17478c2318f12facfcce6fae7f4e608aae3c	49152	r3a/images/enc-d4096/008.db
0518e1d7705eaf3a1c5c8b64bab455989b9f31cd8536007e505d7485dbd32e5e	16399	r3a/images/enc-d4096/009-log.db
311edd51509e38264c79f1d22d6b17478c2318f12facfcce6fae7f4e608aae3c	49152	r3a/images/enc-d4096/009.db
32578b6b1cf88e2ade746e2be203c5b794236712917c42a75aa6f2b21b08cf28	24576	r3a/images/enc-d4096/010-log.db
311edd51509e38264c79f1d22d6b17478c2318f12facfcce6fae7f4e608aae3c	49152	r3a/images/enc-d4096/010.db
63072af43e636b979b96bd3a94e6ec6d3ac48f565e3d750575a2ce3d2f719c60	24591	r3a/images/enc-d4096/011-log.db
311edd51509e38264c79f1d22d6b17478c2318f12facfcce6fae7f4e608aae3c	49152	r3a/images/enc-d4096/011.db
a763f7aa3352e47f5be718983a59ecb7b04ca3a6917425f9700079bbb14fae5f	32768	r3a/images/enc-d4096/012-log.db
311edd51509e38264c79f1d22d6b17478c2318f12facfcce6fae7f4e608aae3c	49152	r3a/images/enc-d4096/012.db
6947321a9b1784802aff10738d88a37fb7f5f9eb40dad63de1d133e78bb94793	32783	r3a/images/enc-d4096/013-log.db
311edd51509e38264c79f1d22d6b17478c2318f12facfcce6fae7f4e608aae3c	49152	r3a/images/enc-d4096/013.db
1a89a0bc7ab8a0d8d401ca8b6a444a0374890720bb7a0b698e59552fddb0d18c	40960	r3a/images/enc-d4096/014-log.db
311edd51509e38264c79f1d22d6b17478c2318f12facfcce6fae7f4e608aae3c	49152	r3a/images/enc-d4096/014.db
1a89a0bc7ab8a0d8d401ca8b6a444a0374890720bb7a0b698e59552fddb0d18c	40960	r3a/images/enc-d4096/015-log.db
eb7e013779b8be247cfb8dccc2ca58ea6fbe60dd50e75cf2af27d1b5257da5cb	49152	r3a/images/enc-d4096/015.db
1a89a0bc7ab8a0d8d401ca8b6a444a0374890720bb7a0b698e59552fddb0d18c	40960	r3a/images/enc-d4096/016-log.db
12a4aecea546d346b6e9e8ea4d2bb49fc34b2c12748efdb43d030f9be7ad720c	49152	r3a/images/enc-d4096/016.db
ff3adff823abc9a8905923674b33561597094f4b16d317550b8a0a131cdc343d	8192	r3a/images/enc-d4096/017-log.db
12a4aecea546d346b6e9e8ea4d2bb49fc34b2c12748efdb43d030f9be7ad720c	49152	r3a/images/enc-d4096/017.db
34878f50d6a73db49826dd69ccd6776efed9c63c981df9cb3cd240b615feac50	8207	r3a/images/enc-d4096/018-log.db
12a4aecea546d346b6e9e8ea4d2bb49fc34b2c12748efdb43d030f9be7ad720c	49152	r3a/images/enc-d4096/018.db
2a17bc0aa7b5f74bdbf0389a64f9fadfe023ae7f8f97a829f841318eec16b5aa	24576	r3a/images/enc-d4096/019-log.db
12a4aecea546d346b6e9e8ea4d2bb49fc34b2c12748efdb43d030f9be7ad720c	49152	r3a/images/enc-d4096/019.db
2a17bc0aa7b5f74bdbf0389a64f9fadfe023ae7f8f97a829f841318eec16b5aa	24576	r3a/images/enc-d4096/020-log.db
4c3231e5ba91e7cd86ad24a3fda95595ea262fccf3a0767a47acd3c8a607c765	49152	r3a/images/enc-d4096/020.db
2a17bc0aa7b5f74bdbf0389a64f9fadfe023ae7f8f97a829f841318eec16b5aa	24576	r3a/images/enc-d4096/021-log.db
c307f417aa2916441d55bfc9cf971446b311b12e1a92b8fee88daed646a4f8c6	49152	r3a/images/enc-d4096/021.db
ff3adff823abc9a8905923674b33561597094f4b16d317550b8a0a131cdc343d	8192	r3a/images/enc-d4096/022-log.db
c307f417aa2916441d55bfc9cf971446b311b12e1a92b8fee88daed646a4f8c6	49152	r3a/images/enc-d4096/022.db
bc9b83fc9687b13c8dc806fc02d766878ae1e5e0c150224a7b72b9d5f64ffc6f	8207	r3a/images/enc-d4096/023-log.db
c307f417aa2916441d55bfc9cf971446b311b12e1a92b8fee88daed646a4f8c6	49152	r3a/images/enc-d4096/023.db
ece706d8019823e25bc216cb62e0a5b0e10d1cbe664d5e7739c19c9fbb56eaca	16463	r3a/images/enc-d4096/024-log.db
c307f417aa2916441d55bfc9cf971446b311b12e1a92b8fee88daed646a4f8c6	49152	r3a/images/enc-d4096/024.db
a385f835578f5b2413d9787f9583d7b9a9135b9620a8d109492012de10297155	24719	r3a/images/enc-d4096/025-log.db
c307f417aa2916441d55bfc9cf971446b311b12e1a92b8fee88daed646a4f8c6	49152	r3a/images/enc-d4096/025.db
5ac227a6f1412a8298f1083d1961266c1d9e6642c558ee8933f996860a36b9cf	40960	r3a/images/enc-d4096/026-log.db
c307f417aa2916441d55bfc9cf971446b311b12e1a92b8fee88daed646a4f8c6	49152	r3a/images/enc-d4096/026.db
fd7f3222ba25276c99e4e6aeac4dac5c0558274c6a1ca6ed3bece0012d511407	40960	r3a/images/enc-d4096/027-log.db
c307f417aa2916441d55bfc9cf971446b311b12e1a92b8fee88daed646a4f8c6	49152	r3a/images/enc-d4096/027.db
e66157d28432098f09ed92647f8b814d74b1b48e0c5050a41ba5f095c0e28663	57856	r3a/images/enc-d512/000-log.db
80d9897f9e4f66cfa6a087a8e9935500413c65f03c8cf115d914f2a69c7417c4	49152	r3a/images/enc-d512/000.db
1a40533a61982ed95234680f3ab440ea2d678bcef6fcb1cfb1e23ea5be7d2efa	57871	r3a/images/enc-d512/001-log.db
80d9897f9e4f66cfa6a087a8e9935500413c65f03c8cf115d914f2a69c7417c4	49152	r3a/images/enc-d512/001.db
ff125eb96a61c73940ede305ca00d08e3eba76218b02443569bdeda81ca43a9c	74240	r3a/images/enc-d512/002-log.db
80d9897f9e4f66cfa6a087a8e9935500413c65f03c8cf115d914f2a69c7417c4	49152	r3a/images/enc-d512/002.db
ff125eb96a61c73940ede305ca00d08e3eba76218b02443569bdeda81ca43a9c	74240	r3a/images/enc-d512/003-log.db
311edd51509e38264c79f1d22d6b17478c2318f12facfcce6fae7f4e608aae3c	49152	r3a/images/enc-d512/003.db
ff3adff823abc9a8905923674b33561597094f4b16d317550b8a0a131cdc343d	8192	r3a/images/enc-d512/004-log.db
311edd51509e38264c79f1d22d6b17478c2318f12facfcce6fae7f4e608aae3c	49152	r3a/images/enc-d512/004.db
8f9aa6b828790f99f566195b0ff8a8b7c3c33168ef5518e581a2e1fbaff51442	8207	r3a/images/enc-d512/005-log.db
311edd51509e38264c79f1d22d6b17478c2318f12facfcce6fae7f4e608aae3c	49152	r3a/images/enc-d512/005.db
58f6f2b61dfb401dbdc3d1781c50905b0723ada45a528fd08d8ac9627f22958e	8224	r3a/images/enc-d512/006-log.db
311edd51509e38264c79f1d22d6b17478c2318f12facfcce6fae7f4e608aae3c	49152	r3a/images/enc-d512/006.db
04c596544a2219d874b1c81d6b20f7a252d443522dd91e93c849901a9b2663cb	8239	r3a/images/enc-d512/007-log.db
311edd51509e38264c79f1d22d6b17478c2318f12facfcce6fae7f4e608aae3c	49152	r3a/images/enc-d512/007.db
f2b3d171c418a3d3896613bc38a72274a7b99fe2ccaab66b00727be9aee313c2	16384	r3a/images/enc-d512/008-log.db
311edd51509e38264c79f1d22d6b17478c2318f12facfcce6fae7f4e608aae3c	49152	r3a/images/enc-d512/008.db
0518e1d7705eaf3a1c5c8b64bab455989b9f31cd8536007e505d7485dbd32e5e	16399	r3a/images/enc-d512/009-log.db
311edd51509e38264c79f1d22d6b17478c2318f12facfcce6fae7f4e608aae3c	49152	r3a/images/enc-d512/009.db
32578b6b1cf88e2ade746e2be203c5b794236712917c42a75aa6f2b21b08cf28	24576	r3a/images/enc-d512/010-log.db
311edd51509e38264c79f1d22d6b17478c2318f12facfcce6fae7f4e608aae3c	49152	r3a/images/enc-d512/010.db
63072af43e636b979b96bd3a94e6ec6d3ac48f565e3d750575a2ce3d2f719c60	24591	r3a/images/enc-d512/011-log.db
311edd51509e38264c79f1d22d6b17478c2318f12facfcce6fae7f4e608aae3c	49152	r3a/images/enc-d512/011.db
a763f7aa3352e47f5be718983a59ecb7b04ca3a6917425f9700079bbb14fae5f	32768	r3a/images/enc-d512/012-log.db
311edd51509e38264c79f1d22d6b17478c2318f12facfcce6fae7f4e608aae3c	49152	r3a/images/enc-d512/012.db
6947321a9b1784802aff10738d88a37fb7f5f9eb40dad63de1d133e78bb94793	32783	r3a/images/enc-d512/013-log.db
311edd51509e38264c79f1d22d6b17478c2318f12facfcce6fae7f4e608aae3c	49152	r3a/images/enc-d512/013.db
1a89a0bc7ab8a0d8d401ca8b6a444a0374890720bb7a0b698e59552fddb0d18c	40960	r3a/images/enc-d512/014-log.db
311edd51509e38264c79f1d22d6b17478c2318f12facfcce6fae7f4e608aae3c	49152	r3a/images/enc-d512/014.db
1a89a0bc7ab8a0d8d401ca8b6a444a0374890720bb7a0b698e59552fddb0d18c	40960	r3a/images/enc-d512/015-log.db
db4c5eb06cabaa5b65ae794a547d0ee91771fb18588bf5b85327632ec40ae6e3	49152	r3a/images/enc-d512/015.db
1a89a0bc7ab8a0d8d401ca8b6a444a0374890720bb7a0b698e59552fddb0d18c	40960	r3a/images/enc-d512/016-log.db
1daa9cbfa13797874da9c31f97cecfb9c050995db4e4f8f627bc2da16e667efe	49152	r3a/images/enc-d512/016.db
ff3adff823abc9a8905923674b33561597094f4b16d317550b8a0a131cdc343d	8192	r3a/images/enc-d512/017-log.db
1daa9cbfa13797874da9c31f97cecfb9c050995db4e4f8f627bc2da16e667efe	49152	r3a/images/enc-d512/017.db
534887e0104be0daf3e326acb7f858b66126af1c06797e2550c9505c4123df90	8207	r3a/images/enc-d512/018-log.db
1daa9cbfa13797874da9c31f97cecfb9c050995db4e4f8f627bc2da16e667efe	49152	r3a/images/enc-d512/018.db
e3863979e6eefae28a7531bea0c06299b8e183fae0a6d1e31e1e09f5b2dffd4f	24576	r3a/images/enc-d512/019-log.db
1daa9cbfa13797874da9c31f97cecfb9c050995db4e4f8f627bc2da16e667efe	49152	r3a/images/enc-d512/019.db
e3863979e6eefae28a7531bea0c06299b8e183fae0a6d1e31e1e09f5b2dffd4f	24576	r3a/images/enc-d512/020-log.db
7675be3f92924f1494ceca6802c6d36e4d31eeea87277f2a29bd230357e2a91f	49152	r3a/images/enc-d512/020.db
e3863979e6eefae28a7531bea0c06299b8e183fae0a6d1e31e1e09f5b2dffd4f	24576	r3a/images/enc-d512/021-log.db
0175af55d4f25a2cab31e7cd981e17fcad8af1e281d77d2e59469b9a7fb33881	49152	r3a/images/enc-d512/021.db
ff3adff823abc9a8905923674b33561597094f4b16d317550b8a0a131cdc343d	8192	r3a/images/enc-d512/022-log.db
0175af55d4f25a2cab31e7cd981e17fcad8af1e281d77d2e59469b9a7fb33881	49152	r3a/images/enc-d512/022.db
bc9b83fc9687b13c8dc806fc02d766878ae1e5e0c150224a7b72b9d5f64ffc6f	8207	r3a/images/enc-d512/023-log.db
0175af55d4f25a2cab31e7cd981e17fcad8af1e281d77d2e59469b9a7fb33881	49152	r3a/images/enc-d512/023.db
ece706d8019823e25bc216cb62e0a5b0e10d1cbe664d5e7739c19c9fbb56eaca	16463	r3a/images/enc-d512/024-log.db
0175af55d4f25a2cab31e7cd981e17fcad8af1e281d77d2e59469b9a7fb33881	49152	r3a/images/enc-d512/024.db
a385f835578f5b2413d9787f9583d7b9a9135b9620a8d109492012de10297155	24719	r3a/images/enc-d512/025-log.db
0175af55d4f25a2cab31e7cd981e17fcad8af1e281d77d2e59469b9a7fb33881	49152	r3a/images/enc-d512/025.db
5ac227a6f1412a8298f1083d1961266c1d9e6642c558ee8933f996860a36b9cf	40960	r3a/images/enc-d512/026-log.db
0175af55d4f25a2cab31e7cd981e17fcad8af1e281d77d2e59469b9a7fb33881	49152	r3a/images/enc-d512/026.db
2148da5fb5b22610c5f1ffc07ca859a15ba79505683f6a908243cfaeadc1314a	40960	r3a/images/enc-d512/027-log.db
0175af55d4f25a2cab31e7cd981e17fcad8af1e281d77d2e59469b9a7fb33881	49152	r3a/images/enc-d512/027.db
5a0cfa9e843eb999c15314e154e0c0fadf53b534c48100264b4b47fb17ac743b	65520	r3a/images/enc-d8176/000-log.db
80d9897f9e4f66cfa6a087a8e9935500413c65f03c8cf115d914f2a69c7417c4	49152	r3a/images/enc-d8176/000.db
0d9fa7dcfa8cdb7cf01589a746c962c032666093c66ebbe6b8900b5f3edaadbf	65535	r3a/images/enc-d8176/001-log.db
80d9897f9e4f66cfa6a087a8e9935500413c65f03c8cf115d914f2a69c7417c4	49152	r3a/images/enc-d8176/001.db
328eddb073780da52924589ad4d074635aca1a63ca9c6b2a1456087400b49d8d	81904	r3a/images/enc-d8176/002-log.db
80d9897f9e4f66cfa6a087a8e9935500413c65f03c8cf115d914f2a69c7417c4	49152	r3a/images/enc-d8176/002.db
328eddb073780da52924589ad4d074635aca1a63ca9c6b2a1456087400b49d8d	81904	r3a/images/enc-d8176/003-log.db
311edd51509e38264c79f1d22d6b17478c2318f12facfcce6fae7f4e608aae3c	49152	r3a/images/enc-d8176/003.db
ff3adff823abc9a8905923674b33561597094f4b16d317550b8a0a131cdc343d	8192	r3a/images/enc-d8176/004-log.db
311edd51509e38264c79f1d22d6b17478c2318f12facfcce6fae7f4e608aae3c	49152	r3a/images/enc-d8176/004.db
8f9aa6b828790f99f566195b0ff8a8b7c3c33168ef5518e581a2e1fbaff51442	8207	r3a/images/enc-d8176/005-log.db
311edd51509e38264c79f1d22d6b17478c2318f12facfcce6fae7f4e608aae3c	49152	r3a/images/enc-d8176/005.db
58f6f2b61dfb401dbdc3d1781c50905b0723ada45a528fd08d8ac9627f22958e	8224	r3a/images/enc-d8176/006-log.db
311edd51509e38264c79f1d22d6b17478c2318f12facfcce6fae7f4e608aae3c	49152	r3a/images/enc-d8176/006.db
04c596544a2219d874b1c81d6b20f7a252d443522dd91e93c849901a9b2663cb	8239	r3a/images/enc-d8176/007-log.db
311edd51509e38264c79f1d22d6b17478c2318f12facfcce6fae7f4e608aae3c	49152	r3a/images/enc-d8176/007.db
f2b3d171c418a3d3896613bc38a72274a7b99fe2ccaab66b00727be9aee313c2	16384	r3a/images/enc-d8176/008-log.db
311edd51509e38264c79f1d22d6b17478c2318f12facfcce6fae7f4e608aae3c	49152	r3a/images/enc-d8176/008.db
0518e1d7705eaf3a1c5c8b64bab455989b9f31cd8536007e505d7485dbd32e5e	16399	r3a/images/enc-d8176/009-log.db
311edd51509e38264c79f1d22d6b17478c2318f12facfcce6fae7f4e608aae3c	49152	r3a/images/enc-d8176/009.db
32578b6b1cf88e2ade746e2be203c5b794236712917c42a75aa6f2b21b08cf28	24576	r3a/images/enc-d8176/010-log.db
311edd51509e38264c79f1d22d6b17478c2318f12facfcce6fae7f4e608aae3c	49152	r3a/images/enc-d8176/010.db
63072af43e636b979b96bd3a94e6ec6d3ac48f565e3d750575a2ce3d2f719c60	24591	r3a/images/enc-d8176/011-log.db
311edd51509e38264c79f1d22d6b17478c2318f12facfcce6fae7f4e608aae3c	49152	r3a/images/enc-d8176/011.db
a763f7aa3352e47f5be718983a59ecb7b04ca3a6917425f9700079bbb14fae5f	32768	r3a/images/enc-d8176/012-log.db
311edd51509e38264c79f1d22d6b17478c2318f12facfcce6fae7f4e608aae3c	49152	r3a/images/enc-d8176/012.db
6947321a9b1784802aff10738d88a37fb7f5f9eb40dad63de1d133e78bb94793	32783	r3a/images/enc-d8176/013-log.db
311edd51509e38264c79f1d22d6b17478c2318f12facfcce6fae7f4e608aae3c	49152	r3a/images/enc-d8176/013.db
1a89a0bc7ab8a0d8d401ca8b6a444a0374890720bb7a0b698e59552fddb0d18c	40960	r3a/images/enc-d8176/014-log.db
311edd51509e38264c79f1d22d6b17478c2318f12facfcce6fae7f4e608aae3c	49152	r3a/images/enc-d8176/014.db
1a89a0bc7ab8a0d8d401ca8b6a444a0374890720bb7a0b698e59552fddb0d18c	40960	r3a/images/enc-d8176/015-log.db
0ad75057c8d7fe4021622113e9ebc0acede5b9290d99a1ff62abf4d39c7af2c8	49152	r3a/images/enc-d8176/015.db
1a89a0bc7ab8a0d8d401ca8b6a444a0374890720bb7a0b698e59552fddb0d18c	40960	r3a/images/enc-d8176/016-log.db
42e2f2013a6e04a2c90958dbce7611e2f8cd0f3198b8bcc032afb3522d51dfde	49152	r3a/images/enc-d8176/016.db
ff3adff823abc9a8905923674b33561597094f4b16d317550b8a0a131cdc343d	8192	r3a/images/enc-d8176/017-log.db
42e2f2013a6e04a2c90958dbce7611e2f8cd0f3198b8bcc032afb3522d51dfde	49152	r3a/images/enc-d8176/017.db
771d60dff1766f2d747e3122afc6acfd56d6be1c1601ca1710c0dfbcaa27b548	8207	r3a/images/enc-d8176/018-log.db
42e2f2013a6e04a2c90958dbce7611e2f8cd0f3198b8bcc032afb3522d51dfde	49152	r3a/images/enc-d8176/018.db
02fc78eeaf7ab9ac9afd357cbaa77efb6f3620e6947f0ad33470c7bc73e81ea7	24576	r3a/images/enc-d8176/019-log.db
42e2f2013a6e04a2c90958dbce7611e2f8cd0f3198b8bcc032afb3522d51dfde	49152	r3a/images/enc-d8176/019.db
02fc78eeaf7ab9ac9afd357cbaa77efb6f3620e6947f0ad33470c7bc73e81ea7	24576	r3a/images/enc-d8176/020-log.db
ee9883a5c5a76ddf93469060b2aeec84c9ff39de5d9d73519bb2f4661901c8d4	49152	r3a/images/enc-d8176/020.db
02fc78eeaf7ab9ac9afd357cbaa77efb6f3620e6947f0ad33470c7bc73e81ea7	24576	r3a/images/enc-d8176/021-log.db
74e31636c3e23ff00312d1be12a90299b3bf8e36ed58821247833fc0524685ae	49152	r3a/images/enc-d8176/021.db
ff3adff823abc9a8905923674b33561597094f4b16d317550b8a0a131cdc343d	8192	r3a/images/enc-d8176/022-log.db
74e31636c3e23ff00312d1be12a90299b3bf8e36ed58821247833fc0524685ae	49152	r3a/images/enc-d8176/022.db
bc9b83fc9687b13c8dc806fc02d766878ae1e5e0c150224a7b72b9d5f64ffc6f	8207	r3a/images/enc-d8176/023-log.db
74e31636c3e23ff00312d1be12a90299b3bf8e36ed58821247833fc0524685ae	49152	r3a/images/enc-d8176/023.db
ece706d8019823e25bc216cb62e0a5b0e10d1cbe664d5e7739c19c9fbb56eaca	16463	r3a/images/enc-d8176/024-log.db
74e31636c3e23ff00312d1be12a90299b3bf8e36ed58821247833fc0524685ae	49152	r3a/images/enc-d8176/024.db
a385f835578f5b2413d9787f9583d7b9a9135b9620a8d109492012de10297155	24719	r3a/images/enc-d8176/025-log.db
74e31636c3e23ff00312d1be12a90299b3bf8e36ed58821247833fc0524685ae	49152	r3a/images/enc-d8176/025.db
5ac227a6f1412a8298f1083d1961266c1d9e6642c558ee8933f996860a36b9cf	40960	r3a/images/enc-d8176/026-log.db
74e31636c3e23ff00312d1be12a90299b3bf8e36ed58821247833fc0524685ae	49152	r3a/images/enc-d8176/026.db
fd3ce568425f383c82888d7127dcf785f23862bf60217ef8d474a67b7acd0833	40960	r3a/images/enc-d8176/027-log.db
74e31636c3e23ff00312d1be12a90299b3bf8e36ed58821247833fc0524685ae	49152	r3a/images/enc-d8176/027.db
1866adf30cdebb6c65505a63f94e4552b9cee55ba25a476de09b61be7a8498e5	57444	r3a/images/enc-g100/000-log.db
80d9897f9e4f66cfa6a087a8e9935500413c65f03c8cf115d914f2a69c7417c4	49152	r3a/images/enc-g100/000.db
9ae520cd1a89580d4043c5df32b0c259443c75422e9c63abd04c3109ec27a905	57360	r3a/images/enc-g16/000-log.db
80d9897f9e4f66cfa6a087a8e9935500413c65f03c8cf115d914f2a69c7417c4	49152	r3a/images/enc-g16/000.db
11f359bd61a1aacc91d853f525b7fbf1e363d7bcdfe4911994ca23133557ccf3	57375	r3a/images/enc-g16/001-log.db
80d9897f9e4f66cfa6a087a8e9935500413c65f03c8cf115d914f2a69c7417c4	49152	r3a/images/enc-g16/001.db
e1f0998ee8076369dba264e4adca64446a76de509ba8db41fa867547fd987ece	73744	r3a/images/enc-g16/002-log.db
80d9897f9e4f66cfa6a087a8e9935500413c65f03c8cf115d914f2a69c7417c4	49152	r3a/images/enc-g16/002.db
e1f0998ee8076369dba264e4adca64446a76de509ba8db41fa867547fd987ece	73744	r3a/images/enc-g16/003-log.db
311edd51509e38264c79f1d22d6b17478c2318f12facfcce6fae7f4e608aae3c	49152	r3a/images/enc-g16/003.db
ff3adff823abc9a8905923674b33561597094f4b16d317550b8a0a131cdc343d	8192	r3a/images/enc-g16/004-log.db
311edd51509e38264c79f1d22d6b17478c2318f12facfcce6fae7f4e608aae3c	49152	r3a/images/enc-g16/004.db
8f9aa6b828790f99f566195b0ff8a8b7c3c33168ef5518e581a2e1fbaff51442	8207	r3a/images/enc-g16/005-log.db
311edd51509e38264c79f1d22d6b17478c2318f12facfcce6fae7f4e608aae3c	49152	r3a/images/enc-g16/005.db
58f6f2b61dfb401dbdc3d1781c50905b0723ada45a528fd08d8ac9627f22958e	8224	r3a/images/enc-g16/006-log.db
311edd51509e38264c79f1d22d6b17478c2318f12facfcce6fae7f4e608aae3c	49152	r3a/images/enc-g16/006.db
04c596544a2219d874b1c81d6b20f7a252d443522dd91e93c849901a9b2663cb	8239	r3a/images/enc-g16/007-log.db
311edd51509e38264c79f1d22d6b17478c2318f12facfcce6fae7f4e608aae3c	49152	r3a/images/enc-g16/007.db
f2b3d171c418a3d3896613bc38a72274a7b99fe2ccaab66b00727be9aee313c2	16384	r3a/images/enc-g16/008-log.db
311edd51509e38264c79f1d22d6b17478c2318f12facfcce6fae7f4e608aae3c	49152	r3a/images/enc-g16/008.db
0518e1d7705eaf3a1c5c8b64bab455989b9f31cd8536007e505d7485dbd32e5e	16399	r3a/images/enc-g16/009-log.db
311edd51509e38264c79f1d22d6b17478c2318f12facfcce6fae7f4e608aae3c	49152	r3a/images/enc-g16/009.db
32578b6b1cf88e2ade746e2be203c5b794236712917c42a75aa6f2b21b08cf28	24576	r3a/images/enc-g16/010-log.db
311edd51509e38264c79f1d22d6b17478c2318f12facfcce6fae7f4e608aae3c	49152	r3a/images/enc-g16/010.db
63072af43e636b979b96bd3a94e6ec6d3ac48f565e3d750575a2ce3d2f719c60	24591	r3a/images/enc-g16/011-log.db
311edd51509e38264c79f1d22d6b17478c2318f12facfcce6fae7f4e608aae3c	49152	r3a/images/enc-g16/011.db
a763f7aa3352e47f5be718983a59ecb7b04ca3a6917425f9700079bbb14fae5f	32768	r3a/images/enc-g16/012-log.db
311edd51509e38264c79f1d22d6b17478c2318f12facfcce6fae7f4e608aae3c	49152	r3a/images/enc-g16/012.db
6947321a9b1784802aff10738d88a37fb7f5f9eb40dad63de1d133e78bb94793	32783	r3a/images/enc-g16/013-log.db
311edd51509e38264c79f1d22d6b17478c2318f12facfcce6fae7f4e608aae3c	49152	r3a/images/enc-g16/013.db
1a89a0bc7ab8a0d8d401ca8b6a444a0374890720bb7a0b698e59552fddb0d18c	40960	r3a/images/enc-g16/014-log.db
311edd51509e38264c79f1d22d6b17478c2318f12facfcce6fae7f4e608aae3c	49152	r3a/images/enc-g16/014.db
1a89a0bc7ab8a0d8d401ca8b6a444a0374890720bb7a0b698e59552fddb0d18c	40960	r3a/images/enc-g16/015-log.db
ec93610c42df4d1904ae3c0dff26f6bb736fff28d56e0e3b1c8720b74c37c932	49152	r3a/images/enc-g16/015.db
1a89a0bc7ab8a0d8d401ca8b6a444a0374890720bb7a0b698e59552fddb0d18c	40960	r3a/images/enc-g16/016-log.db
efc46563bfed4152a64d0213aabf2884220fb7ce2ee7a6e2d48fbe93a51ebaf2	49152	r3a/images/enc-g16/016.db
ff3adff823abc9a8905923674b33561597094f4b16d317550b8a0a131cdc343d	8192	r3a/images/enc-g16/017-log.db
efc46563bfed4152a64d0213aabf2884220fb7ce2ee7a6e2d48fbe93a51ebaf2	49152	r3a/images/enc-g16/017.db
a5c733a9a375be4ac68ac2e6a58bf7fee8e988e3ebf7653004cd3ec603547aaa	8207	r3a/images/enc-g16/018-log.db
efc46563bfed4152a64d0213aabf2884220fb7ce2ee7a6e2d48fbe93a51ebaf2	49152	r3a/images/enc-g16/018.db
b6a74e4a562cbedd1d92a8fd22270c558e3b7fe12ef12cf19954a6959f2c1197	24576	r3a/images/enc-g16/019-log.db
efc46563bfed4152a64d0213aabf2884220fb7ce2ee7a6e2d48fbe93a51ebaf2	49152	r3a/images/enc-g16/019.db
b6a74e4a562cbedd1d92a8fd22270c558e3b7fe12ef12cf19954a6959f2c1197	24576	r3a/images/enc-g16/020-log.db
a3e0f1fa5eeebf9ba7b49421ac2be424b3d32c6decbd2a1ad3a710ea102e626f	49152	r3a/images/enc-g16/020.db
b6a74e4a562cbedd1d92a8fd22270c558e3b7fe12ef12cf19954a6959f2c1197	24576	r3a/images/enc-g16/021-log.db
653cf211accf51bde4d7df1e6509d686fd578aefbf9e09263356d3709a6d2014	49152	r3a/images/enc-g16/021.db
ff3adff823abc9a8905923674b33561597094f4b16d317550b8a0a131cdc343d	8192	r3a/images/enc-g16/022-log.db
653cf211accf51bde4d7df1e6509d686fd578aefbf9e09263356d3709a6d2014	49152	r3a/images/enc-g16/022.db
bc9b83fc9687b13c8dc806fc02d766878ae1e5e0c150224a7b72b9d5f64ffc6f	8207	r3a/images/enc-g16/023-log.db
653cf211accf51bde4d7df1e6509d686fd578aefbf9e09263356d3709a6d2014	49152	r3a/images/enc-g16/023.db
ece706d8019823e25bc216cb62e0a5b0e10d1cbe664d5e7739c19c9fbb56eaca	16463	r3a/images/enc-g16/024-log.db
653cf211accf51bde4d7df1e6509d686fd578aefbf9e09263356d3709a6d2014	49152	r3a/images/enc-g16/024.db
a385f835578f5b2413d9787f9583d7b9a9135b9620a8d109492012de10297155	24719	r3a/images/enc-g16/025-log.db
653cf211accf51bde4d7df1e6509d686fd578aefbf9e09263356d3709a6d2014	49152	r3a/images/enc-g16/025.db
5ac227a6f1412a8298f1083d1961266c1d9e6642c558ee8933f996860a36b9cf	40960	r3a/images/enc-g16/026-log.db
653cf211accf51bde4d7df1e6509d686fd578aefbf9e09263356d3709a6d2014	49152	r3a/images/enc-g16/026.db
fe43de9f6e040265729bf3279dea57d280d62ee1e3dfcdf01e626b186fe4380d	40960	r3a/images/enc-g16/027-log.db
653cf211accf51bde4d7df1e6509d686fd578aefbf9e09263356d3709a6d2014	49152	r3a/images/enc-g16/027.db
04cee7b21b0aa1b92171bd822b844bb03c4cb3c3470d644d31c898841ef60227	520192	r3a/images/plain-c4096/000-log.db
a02cbef380ddb854b291614080ae974bf3de6832677c702e776fe98de32bbce7	40960	r3a/images/plain-c4096/000.db
84b54985d62d0d9361bb0295dc984d515961c7147d941cba6cfeeaac7dae9ba3	520207	r3a/images/plain-c4096/001-log.db
a02cbef380ddb854b291614080ae974bf3de6832677c702e776fe98de32bbce7	40960	r3a/images/plain-c4096/001.db
4793ef47811ed84bc341e98408fd487a7706a80e785ca0a4647c16c1f56154f9	536576	r3a/images/plain-c4096/002-log.db
a02cbef380ddb854b291614080ae974bf3de6832677c702e776fe98de32bbce7	40960	r3a/images/plain-c4096/002.db
4793ef47811ed84bc341e98408fd487a7706a80e785ca0a4647c16c1f56154f9	536576	r3a/images/plain-c4096/003-log.db
a78fa9528a2359bebc11087699ef952aa80498bf00c2b8602262961d0af3cd9e	40960	r3a/images/plain-c4096/003.db
e3b0c44298fc1c149afbf4c8996fb92427ae41e4649b934ca495991b7852b855	0	r3a/images/plain-c4096/004-log.db
a78fa9528a2359bebc11087699ef952aa80498bf00c2b8602262961d0af3cd9e	40960	r3a/images/plain-c4096/004.db
4994fe8bff97eaf92e6c3197a4d5318d1f68b97fa09fb1f3544bbcdfa3ebb6a1	15	r3a/images/plain-c4096/005-log.db
a78fa9528a2359bebc11087699ef952aa80498bf00c2b8602262961d0af3cd9e	40960	r3a/images/plain-c4096/005.db
78c7de804e774c5c1167ed7cd97a1db29d998ee80332f7de0b968efadc9faacb	32	r3a/images/plain-c4096/006-log.db
a78fa9528a2359bebc11087699ef952aa80498bf00c2b8602262961d0af3cd9e	40960	r3a/images/plain-c4096/006.db
5b9fc53c2151c996ded8545bb4f476550b0da845a8d1b9efbfa3c9cd9d44c691	47	r3a/images/plain-c4096/007-log.db
a78fa9528a2359bebc11087699ef952aa80498bf00c2b8602262961d0af3cd9e	40960	r3a/images/plain-c4096/007.db
c0ee2a31f46a1dd838ba348d6b99670fdafd51e09225c48f15fb5068d66395e8	8192	r3a/images/plain-c4096/008-log.db
a78fa9528a2359bebc11087699ef952aa80498bf00c2b8602262961d0af3cd9e	40960	r3a/images/plain-c4096/008.db
9cb7c6d9b1f337bb20b07b929a7f8c74b13395efe8e42b07c791bb9e95f0f4e7	8207	r3a/images/plain-c4096/009-log.db
a78fa9528a2359bebc11087699ef952aa80498bf00c2b8602262961d0af3cd9e	40960	r3a/images/plain-c4096/009.db
4459609d2d3b84385ef6662115411f8f4a4185d8de315a54e6eb6f4786c8204f	16384	r3a/images/plain-c4096/010-log.db
a78fa9528a2359bebc11087699ef952aa80498bf00c2b8602262961d0af3cd9e	40960	r3a/images/plain-c4096/010.db
405f135a342b70fca6f2d466263d0ae0330f4b9e705c143ac27051196b482413	16399	r3a/images/plain-c4096/011-log.db
a78fa9528a2359bebc11087699ef952aa80498bf00c2b8602262961d0af3cd9e	40960	r3a/images/plain-c4096/011.db
ebeaf87a15ec55fb9470aecf9bc2e44705c1bf057a1f41c2e826706e523233c2	24576	r3a/images/plain-c4096/012-log.db
a78fa9528a2359bebc11087699ef952aa80498bf00c2b8602262961d0af3cd9e	40960	r3a/images/plain-c4096/012.db
8fb3fb3435842c7ff21098bae2e2f8404fd205146d8f145ad11359bb49f9afe4	24591	r3a/images/plain-c4096/013-log.db
a78fa9528a2359bebc11087699ef952aa80498bf00c2b8602262961d0af3cd9e	40960	r3a/images/plain-c4096/013.db
3aa505d863e1684567c76e961f209ed06fff683f1821a3ae85dced019ddfcff1	32768	r3a/images/plain-c4096/014-log.db
a78fa9528a2359bebc11087699ef952aa80498bf00c2b8602262961d0af3cd9e	40960	r3a/images/plain-c4096/014.db
3aa505d863e1684567c76e961f209ed06fff683f1821a3ae85dced019ddfcff1	32768	r3a/images/plain-c4096/015-log.db
9d73e419c8bb926851d0e8d7bc55ad96e55afacf8d8d40023c206a0f1fe2e1f6	40960	r3a/images/plain-c4096/015.db
3aa505d863e1684567c76e961f209ed06fff683f1821a3ae85dced019ddfcff1	32768	r3a/images/plain-c4096/016-log.db
2cd3842c964b6a96520444e3800de890c3945000f56ef39e9b7732b8834452ab	40960	r3a/images/plain-c4096/016.db
e3b0c44298fc1c149afbf4c8996fb92427ae41e4649b934ca495991b7852b855	0	r3a/images/plain-c4096/017-log.db
2cd3842c964b6a96520444e3800de890c3945000f56ef39e9b7732b8834452ab	40960	r3a/images/plain-c4096/017.db
6a4c69041132c470cd44ee5c75933655f4ed21b3c362cfe76451f98b6f466fbd	15	r3a/images/plain-c4096/018-log.db
2cd3842c964b6a96520444e3800de890c3945000f56ef39e9b7732b8834452ab	40960	r3a/images/plain-c4096/018.db
ff5ca3700379b0c538c69ce3527319e108c4692f3aa501b6e54f48cf7c4c269a	16384	r3a/images/plain-c4096/019-log.db
2cd3842c964b6a96520444e3800de890c3945000f56ef39e9b7732b8834452ab	40960	r3a/images/plain-c4096/019.db
ff5ca3700379b0c538c69ce3527319e108c4692f3aa501b6e54f48cf7c4c269a	16384	r3a/images/plain-c4096/020-log.db
c6ffd4dde2555af0ab968cf13061cf0b1c907fa26a836fa6b46babfeadb0fbd5	40960	r3a/images/plain-c4096/020.db
ff5ca3700379b0c538c69ce3527319e108c4692f3aa501b6e54f48cf7c4c269a	16384	r3a/images/plain-c4096/021-log.db
0248c90ca588762955428ff02f79a3696020d6ae848db8b60784ca529cf74be9	40960	r3a/images/plain-c4096/021.db
e3b0c44298fc1c149afbf4c8996fb92427ae41e4649b934ca495991b7852b855	0	r3a/images/plain-c4096/022-log.db
0248c90ca588762955428ff02f79a3696020d6ae848db8b60784ca529cf74be9	40960	r3a/images/plain-c4096/022.db
d4434a36c16d217742d5be2cb9d88b442d197701bb4a9cff7deb26c4c512b608	15	r3a/images/plain-c4096/023-log.db
0248c90ca588762955428ff02f79a3696020d6ae848db8b60784ca529cf74be9	40960	r3a/images/plain-c4096/023.db
5a209396ad79ad7ccf42ba94cde23c11f5bc1e24b0bd9ff2ffd31e24b94f3bda	8271	r3a/images/plain-c4096/024-log.db
0248c90ca588762955428ff02f79a3696020d6ae848db8b60784ca529cf74be9	40960	r3a/images/plain-c4096/024.db
ad807a51dceb32ac9ddd504eb3d9d67311d8e3cb868a35c8056228d52497be92	16527	r3a/images/plain-c4096/025-log.db
0248c90ca588762955428ff02f79a3696020d6ae848db8b60784ca529cf74be9	40960	r3a/images/plain-c4096/025.db
c35020473aed1b4642cd726cad727b63fff2824ad68cedd7ffb73c7cbd890479	32768	r3a/images/plain-c4096/026-log.db
0248c90ca588762955428ff02f79a3696020d6ae848db8b60784ca529cf74be9	40960	r3a/images/plain-c4096/026.db
1391085a3eceb5a0af2779ca76fc8e31b95c481e0e8f2810f97c46fc3810871d	32768	r3a/images/plain-c4096/027-log.db
0248c90ca588762955428ff02f79a3696020d6ae848db8b60784ca529cf74be9	40960	r3a/images/plain-c4096/027.db
9c3dd41bae635bb23b1675233fe2ad50f60e45d8da5317b4b1306af50a081370	32783	r3a/images/plain-c4096/028-log.db
0248c90ca588762955428ff02f79a3696020d6ae848db8b60784ca529cf74be9	40960	r3a/images/plain-c4096/028.db
9e527712b39a51989d8f7757a62d33cb845bc8ffe5e8e105e382ea174dd4060c	49152	r3a/images/plain-c4096/029-log.db
0248c90ca588762955428ff02f79a3696020d6ae848db8b60784ca529cf74be9	40960	r3a/images/plain-c4096/029.db
9e527712b39a51989d8f7757a62d33cb845bc8ffe5e8e105e382ea174dd4060c	49152	r3a/images/plain-c4096/030-log.db
a2f1c381df521b56ded456a881d96ca6c9e74eed575132ea0541c60f21629efb	40960	r3a/images/plain-c4096/030.db
9e527712b39a51989d8f7757a62d33cb845bc8ffe5e8e105e382ea174dd4060c	49152	r3a/images/plain-c4096/031-log.db
d7c5a92c4dd6ef75c3c13dcb6c5ebe7304246de63c6dd509b7d735a29c0909b7	40960	r3a/images/plain-c4096/031.db
9e527712b39a51989d8f7757a62d33cb845bc8ffe5e8e105e382ea174dd4060c	49152	r3a/images/plain-c4096/032-log.db
8d388b6c7054e08237796d92f313a25026334f6f7f18a2390d93355dc13c4d97	40960	r3a/images/plain-c4096/032.db
9e527712b39a51989d8f7757a62d33cb845bc8ffe5e8e105e382ea174dd4060c	49152	r3a/images/plain-c4096/033-log.db
49075408ec4f15529b5c49041a59ae662bcbb946988fefc36f93b75001bf24d6	40960	r3a/images/plain-c4096/033.db
9e527712b39a51989d8f7757a62d33cb845bc8ffe5e8e105e382ea174dd4060c	49152	r3a/images/plain-c4096/034-log.db
493ec3789412af3ab9842be010f8852c5157a42036b3983b3921fb2d12504715	40960	r3a/images/plain-c4096/034.db
9e527712b39a51989d8f7757a62d33cb845bc8ffe5e8e105e382ea174dd4060c	49152	r3a/images/plain-c4096/035-log.db
3ec62507e9e6a618c41c8a942d840b4b7f2ba075e6dd69819f106434a73e76cb	40960	r3a/images/plain-c4096/035.db
e3b0c44298fc1c149afbf4c8996fb92427ae41e4649b934ca495991b7852b855	0	r3a/images/plain-c4096/036-log.db
3ec62507e9e6a618c41c8a942d840b4b7f2ba075e6dd69819f106434a73e76cb	40960	r3a/images/plain-c4096/036.db
19acfa8024960ca88869bb4d88c2771af549bd488e62b6c84779df3872886758	516608	r3a/images/plain-c512/000-log.db
a02cbef380ddb854b291614080ae974bf3de6832677c702e776fe98de32bbce7	40960	r3a/images/plain-c512/000.db
ffee8c701010769e349db0f9cc697ad09b1408bd591fda5b7357b510ad875ed9	516623	r3a/images/plain-c512/001-log.db
a02cbef380ddb854b291614080ae974bf3de6832677c702e776fe98de32bbce7	40960	r3a/images/plain-c512/001.db
cafe41d2fea4463525c2eefe5d3a42b89f3b7a5c8a482d800b6ec70a634ea256	532992	r3a/images/plain-c512/002-log.db
a02cbef380ddb854b291614080ae974bf3de6832677c702e776fe98de32bbce7	40960	r3a/images/plain-c512/002.db
cafe41d2fea4463525c2eefe5d3a42b89f3b7a5c8a482d800b6ec70a634ea256	532992	r3a/images/plain-c512/003-log.db
a78fa9528a2359bebc11087699ef952aa80498bf00c2b8602262961d0af3cd9e	40960	r3a/images/plain-c512/003.db
e3b0c44298fc1c149afbf4c8996fb92427ae41e4649b934ca495991b7852b855	0	r3a/images/plain-c512/004-log.db
a78fa9528a2359bebc11087699ef952aa80498bf00c2b8602262961d0af3cd9e	40960	r3a/images/plain-c512/004.db
4994fe8bff97eaf92e6c3197a4d5318d1f68b97fa09fb1f3544bbcdfa3ebb6a1	15	r3a/images/plain-c512/005-log.db
a78fa9528a2359bebc11087699ef952aa80498bf00c2b8602262961d0af3cd9e	40960	r3a/images/plain-c512/005.db
78c7de804e774c5c1167ed7cd97a1db29d998ee80332f7de0b968efadc9faacb	32	r3a/images/plain-c512/006-log.db
a78fa9528a2359bebc11087699ef952aa80498bf00c2b8602262961d0af3cd9e	40960	r3a/images/plain-c512/006.db
5b9fc53c2151c996ded8545bb4f476550b0da845a8d1b9efbfa3c9cd9d44c691	47	r3a/images/plain-c512/007-log.db
a78fa9528a2359bebc11087699ef952aa80498bf00c2b8602262961d0af3cd9e	40960	r3a/images/plain-c512/007.db
c0ee2a31f46a1dd838ba348d6b99670fdafd51e09225c48f15fb5068d66395e8	8192	r3a/images/plain-c512/008-log.db
a78fa9528a2359bebc11087699ef952aa80498bf00c2b8602262961d0af3cd9e	40960	r3a/images/plain-c512/008.db
9cb7c6d9b1f337bb20b07b929a7f8c74b13395efe8e42b07c791bb9e95f0f4e7	8207	r3a/images/plain-c512/009-log.db
a78fa9528a2359bebc11087699ef952aa80498bf00c2b8602262961d0af3cd9e	40960	r3a/images/plain-c512/009.db
4459609d2d3b84385ef6662115411f8f4a4185d8de315a54e6eb6f4786c8204f	16384	r3a/images/plain-c512/010-log.db
a78fa9528a2359bebc11087699ef952aa80498bf00c2b8602262961d0af3cd9e	40960	r3a/images/plain-c512/010.db
405f135a342b70fca6f2d466263d0ae0330f4b9e705c143ac27051196b482413	16399	r3a/images/plain-c512/011-log.db
a78fa9528a2359bebc11087699ef952aa80498bf00c2b8602262961d0af3cd9e	40960	r3a/images/plain-c512/011.db
ebeaf87a15ec55fb9470aecf9bc2e44705c1bf057a1f41c2e826706e523233c2	24576	r3a/images/plain-c512/012-log.db
a78fa9528a2359bebc11087699ef952aa80498bf00c2b8602262961d0af3cd9e	40960	r3a/images/plain-c512/012.db
8fb3fb3435842c7ff21098bae2e2f8404fd205146d8f145ad11359bb49f9afe4	24591	r3a/images/plain-c512/013-log.db
a78fa9528a2359bebc11087699ef952aa80498bf00c2b8602262961d0af3cd9e	40960	r3a/images/plain-c512/013.db
3aa505d863e1684567c76e961f209ed06fff683f1821a3ae85dced019ddfcff1	32768	r3a/images/plain-c512/014-log.db
a78fa9528a2359bebc11087699ef952aa80498bf00c2b8602262961d0af3cd9e	40960	r3a/images/plain-c512/014.db
3aa505d863e1684567c76e961f209ed06fff683f1821a3ae85dced019ddfcff1	32768	r3a/images/plain-c512/015-log.db
b293a54e39e7ec8ef54c3a9de1e82d684047bb63dc57c1fa54db66744a1a5042	40960	r3a/images/plain-c512/015.db
3aa505d863e1684567c76e961f209ed06fff683f1821a3ae85dced019ddfcff1	32768	r3a/images/plain-c512/016-log.db
f125346ec67d0c8d38d74d8072d171a474196a6e1715b9977bb28d537a941ba4	40960	r3a/images/plain-c512/016.db
e3b0c44298fc1c149afbf4c8996fb92427ae41e4649b934ca495991b7852b855	0	r3a/images/plain-c512/017-log.db
f125346ec67d0c8d38d74d8072d171a474196a6e1715b9977bb28d537a941ba4	40960	r3a/images/plain-c512/017.db
8077da86f3ec203b2784022726bc4418c7215e2b8ab4b37e6ff39585d9bbf3c1	15	r3a/images/plain-c512/018-log.db
f125346ec67d0c8d38d74d8072d171a474196a6e1715b9977bb28d537a941ba4	40960	r3a/images/plain-c512/018.db
543f98ed12137bdc1d288f606b07199bb58f3a999fd6f415b5a3a549a64ff35a	16384	r3a/images/plain-c512/019-log.db
f125346ec67d0c8d38d74d8072d171a474196a6e1715b9977bb28d537a941ba4	40960	r3a/images/plain-c512/019.db
543f98ed12137bdc1d288f606b07199bb58f3a999fd6f415b5a3a549a64ff35a	16384	r3a/images/plain-c512/020-log.db
40ddbc811fa455ce4c4062476b709070211c528ea43782322e2103e9125a91bf	40960	r3a/images/plain-c512/020.db
543f98ed12137bdc1d288f606b07199bb58f3a999fd6f415b5a3a549a64ff35a	16384	r3a/images/plain-c512/021-log.db
d89b6c9b91b54374664a3d34dbaf2e407463dd37d5260359f8e94388f03e4ec4	40960	r3a/images/plain-c512/021.db
e3b0c44298fc1c149afbf4c8996fb92427ae41e4649b934ca495991b7852b855	0	r3a/images/plain-c512/022-log.db
d89b6c9b91b54374664a3d34dbaf2e407463dd37d5260359f8e94388f03e4ec4	40960	r3a/images/plain-c512/022.db
d4434a36c16d217742d5be2cb9d88b442d197701bb4a9cff7deb26c4c512b608	15	r3a/images/plain-c512/023-log.db
d89b6c9b91b54374664a3d34dbaf2e407463dd37d5260359f8e94388f03e4ec4	40960	r3a/images/plain-c512/023.db
5a209396ad79ad7ccf42ba94cde23c11f5bc1e24b0bd9ff2ffd31e24b94f3bda	8271	r3a/images/plain-c512/024-log.db
d89b6c9b91b54374664a3d34dbaf2e407463dd37d5260359f8e94388f03e4ec4	40960	r3a/images/plain-c512/024.db
ad807a51dceb32ac9ddd504eb3d9d67311d8e3cb868a35c8056228d52497be92	16527	r3a/images/plain-c512/025-log.db
d89b6c9b91b54374664a3d34dbaf2e407463dd37d5260359f8e94388f03e4ec4	40960	r3a/images/plain-c512/025.db
c35020473aed1b4642cd726cad727b63fff2824ad68cedd7ffb73c7cbd890479	32768	r3a/images/plain-c512/026-log.db
d89b6c9b91b54374664a3d34dbaf2e407463dd37d5260359f8e94388f03e4ec4	40960	r3a/images/plain-c512/026.db
b3d45177ded4fb76993fd52460de711df6e1f6b0330584b076085d9fc4fdf874	32768	r3a/images/plain-c512/027-log.db
d89b6c9b91b54374664a3d34dbaf2e407463dd37d5260359f8e94388f03e4ec4	40960	r3a/images/plain-c512/027.db
3392c3e8b09d5c272a329d5ad44560d8f8c25c5b469c7a33231b69a4fd2b827a	32783	r3a/images/plain-c512/028-log.db
d89b6c9b91b54374664a3d34dbaf2e407463dd37d5260359f8e94388f03e4ec4	40960	r3a/images/plain-c512/028.db
64fe8320df21f45f2b1cb2ed2695ae88a43b4884fc09e3fdc89fdb7863350c91	49152	r3a/images/plain-c512/029-log.db
d89b6c9b91b54374664a3d34dbaf2e407463dd37d5260359f8e94388f03e4ec4	40960	r3a/images/plain-c512/029.db
64fe8320df21f45f2b1cb2ed2695ae88a43b4884fc09e3fdc89fdb7863350c91	49152	r3a/images/plain-c512/030-log.db
dc3017a4a7524af1a2a436cf6ca77f98b129d5e7102a2545c404ef602465080f	40960	r3a/images/plain-c512/030.db
64fe8320df21f45f2b1cb2ed2695ae88a43b4884fc09e3fdc89fdb7863350c91	49152	r3a/images/plain-c512/031-log.db
b41540720f18376e6e97a9c085c28645dcae3b2e8efdf410c3b83a7fd6dae7e7	40960	r3a/images/plain-c512/031.db
64fe8320df21f45f2b1cb2ed2695ae88a43b4884fc09e3fdc89fdb7863350c91	49152	r3a/images/plain-c512/032-log.db
a37278d902b8d342ec7fd511b8b2985901c5f20ed816a579019be19616eac8dd	40960	r3a/images/plain-c512/032.db
64fe8320df21f45f2b1cb2ed2695ae88a43b4884fc09e3fdc89fdb7863350c91	49152	r3a/images/plain-c512/033-log.db
89f2a080f7892d093119cd37d2769d1ab12b5f0a1daa13caaef30b3a18072d3d	40960	r3a/images/plain-c512/033.db
64fe8320df21f45f2b1cb2ed2695ae88a43b4884fc09e3fdc89fdb7863350c91	49152	r3a/images/plain-c512/034-log.db
cc30614b3b15e0fd92b4b9f5136d5ec26a3094a01891f3d1558fceff1fccc9a5	40960	r3a/images/plain-c512/034.db
64fe8320df21f45f2b1cb2ed2695ae88a43b4884fc09e3fdc89fdb7863350c91	49152	r3a/images/plain-c512/035-log.db
f58a6909fbc36e7c5db1882ef0235bed6bd7e55bb89bf2af7f74e3f593c672a9	40960	r3a/images/plain-c512/035.db
e3b0c44298fc1c149afbf4c8996fb92427ae41e4649b934ca495991b7852b855	0	r3a/images/plain-c512/036-log.db
f58a6909fbc36e7c5db1882ef0235bed6bd7e55bb89bf2af7f74e3f593c672a9	40960	r3a/images/plain-c512/036.db
7ed54f2718e2a6bdba355f6fcccd688a1165ded58531a9fb2945243e12cbc782	524287	r3a/images/plain-c8191/000-log.db
a02cbef380ddb854b291614080ae974bf3de6832677c702e776fe98de32bbce7	40960	r3a/images/plain-c8191/000.db
b23fc8d6ce232a74a87312cff36dcec05a9ff8868aa1172abe008bb56ac8b051	524302	r3a/images/plain-c8191/001-log.db
a02cbef380ddb854b291614080ae974bf3de6832677c702e776fe98de32bbce7	40960	r3a/images/plain-c8191/001.db
2e0cf0d34e484927636522db8c6a539bdd9e64183ec05792f38d595814bd5418	540671	r3a/images/plain-c8191/002-log.db
a02cbef380ddb854b291614080ae974bf3de6832677c702e776fe98de32bbce7	40960	r3a/images/plain-c8191/002.db
2e0cf0d34e484927636522db8c6a539bdd9e64183ec05792f38d595814bd5418	540671	r3a/images/plain-c8191/003-log.db
a78fa9528a2359bebc11087699ef952aa80498bf00c2b8602262961d0af3cd9e	40960	r3a/images/plain-c8191/003.db
e3b0c44298fc1c149afbf4c8996fb92427ae41e4649b934ca495991b7852b855	0	r3a/images/plain-c8191/004-log.db
a78fa9528a2359bebc11087699ef952aa80498bf00c2b8602262961d0af3cd9e	40960	r3a/images/plain-c8191/004.db
4994fe8bff97eaf92e6c3197a4d5318d1f68b97fa09fb1f3544bbcdfa3ebb6a1	15	r3a/images/plain-c8191/005-log.db
a78fa9528a2359bebc11087699ef952aa80498bf00c2b8602262961d0af3cd9e	40960	r3a/images/plain-c8191/005.db
78c7de804e774c5c1167ed7cd97a1db29d998ee80332f7de0b968efadc9faacb	32	r3a/images/plain-c8191/006-log.db
a78fa9528a2359bebc11087699ef952aa80498bf00c2b8602262961d0af3cd9e	40960	r3a/images/plain-c8191/006.db
5b9fc53c2151c996ded8545bb4f476550b0da845a8d1b9efbfa3c9cd9d44c691	47	r3a/images/plain-c8191/007-log.db
a78fa9528a2359bebc11087699ef952aa80498bf00c2b8602262961d0af3cd9e	40960	r3a/images/plain-c8191/007.db
c0ee2a31f46a1dd838ba348d6b99670fdafd51e09225c48f15fb5068d66395e8	8192	r3a/images/plain-c8191/008-log.db
a78fa9528a2359bebc11087699ef952aa80498bf00c2b8602262961d0af3cd9e	40960	r3a/images/plain-c8191/008.db
9cb7c6d9b1f337bb20b07b929a7f8c74b13395efe8e42b07c791bb9e95f0f4e7	8207	r3a/images/plain-c8191/009-log.db
a78fa9528a2359bebc11087699ef952aa80498bf00c2b8602262961d0af3cd9e	40960	r3a/images/plain-c8191/009.db
4459609d2d3b84385ef6662115411f8f4a4185d8de315a54e6eb6f4786c8204f	16384	r3a/images/plain-c8191/010-log.db
a78fa9528a2359bebc11087699ef952aa80498bf00c2b8602262961d0af3cd9e	40960	r3a/images/plain-c8191/010.db
405f135a342b70fca6f2d466263d0ae0330f4b9e705c143ac27051196b482413	16399	r3a/images/plain-c8191/011-log.db
a78fa9528a2359bebc11087699ef952aa80498bf00c2b8602262961d0af3cd9e	40960	r3a/images/plain-c8191/011.db
ebeaf87a15ec55fb9470aecf9bc2e44705c1bf057a1f41c2e826706e523233c2	24576	r3a/images/plain-c8191/012-log.db
a78fa9528a2359bebc11087699ef952aa80498bf00c2b8602262961d0af3cd9e	40960	r3a/images/plain-c8191/012.db
8fb3fb3435842c7ff21098bae2e2f8404fd205146d8f145ad11359bb49f9afe4	24591	r3a/images/plain-c8191/013-log.db
a78fa9528a2359bebc11087699ef952aa80498bf00c2b8602262961d0af3cd9e	40960	r3a/images/plain-c8191/013.db
3aa505d863e1684567c76e961f209ed06fff683f1821a3ae85dced019ddfcff1	32768	r3a/images/plain-c8191/014-log.db
a78fa9528a2359bebc11087699ef952aa80498bf00c2b8602262961d0af3cd9e	40960	r3a/images/plain-c8191/014.db
3aa505d863e1684567c76e961f209ed06fff683f1821a3ae85dced019ddfcff1	32768	r3a/images/plain-c8191/015-log.db
9263572e83bb7e1c7162baddd5079f6b797d41110ebc7f4a91a84078f375d70a	40960	r3a/images/plain-c8191/015.db
3aa505d863e1684567c76e961f209ed06fff683f1821a3ae85dced019ddfcff1	32768	r3a/images/plain-c8191/016-log.db
2bdcfaa816ecad344988bc4e5973053d4eece375780061740d23855cd3d6e69b	40960	r3a/images/plain-c8191/016.db
e3b0c44298fc1c149afbf4c8996fb92427ae41e4649b934ca495991b7852b855	0	r3a/images/plain-c8191/017-log.db
2bdcfaa816ecad344988bc4e5973053d4eece375780061740d23855cd3d6e69b	40960	r3a/images/plain-c8191/017.db
952f9a5769681aafc845fb24e6998b9dcd88647a6fdcddacbe2a3566a489f154	15	r3a/images/plain-c8191/018-log.db
2bdcfaa816ecad344988bc4e5973053d4eece375780061740d23855cd3d6e69b	40960	r3a/images/plain-c8191/018.db
55e9afa9ad1e4410c58893e9cba16492ba4614f9fb8d7ab9ae32d282c482c983	16384	r3a/images/plain-c8191/019-log.db
2bdcfaa816ecad344988bc4e5973053d4eece375780061740d23855cd3d6e69b	40960	r3a/images/plain-c8191/019.db
55e9afa9ad1e4410c58893e9cba16492ba4614f9fb8d7ab9ae32d282c482c983	16384	r3a/images/plain-c8191/020-log.db
3e1f66ea099892380938ff0a1c8ac94d4b5343d665d7d6d34d1ad6aa9ffea33f	40960	r3a/images/plain-c8191/020.db
55e9afa9ad1e4410c58893e9cba16492ba4614f9fb8d7ab9ae32d282c482c983	16384	r3a/images/plain-c8191/021-log.db
ac16d5413e10f67a36f8020f2eb3b283bb9d75e3eae8c2df090e2b20d9e9b4c6	40960	r3a/images/plain-c8191/021.db
e3b0c44298fc1c149afbf4c8996fb92427ae41e4649b934ca495991b7852b855	0	r3a/images/plain-c8191/022-log.db
ac16d5413e10f67a36f8020f2eb3b283bb9d75e3eae8c2df090e2b20d9e9b4c6	40960	r3a/images/plain-c8191/022.db
d4434a36c16d217742d5be2cb9d88b442d197701bb4a9cff7deb26c4c512b608	15	r3a/images/plain-c8191/023-log.db
ac16d5413e10f67a36f8020f2eb3b283bb9d75e3eae8c2df090e2b20d9e9b4c6	40960	r3a/images/plain-c8191/023.db
5a209396ad79ad7ccf42ba94cde23c11f5bc1e24b0bd9ff2ffd31e24b94f3bda	8271	r3a/images/plain-c8191/024-log.db
ac16d5413e10f67a36f8020f2eb3b283bb9d75e3eae8c2df090e2b20d9e9b4c6	40960	r3a/images/plain-c8191/024.db
ad807a51dceb32ac9ddd504eb3d9d67311d8e3cb868a35c8056228d52497be92	16527	r3a/images/plain-c8191/025-log.db
ac16d5413e10f67a36f8020f2eb3b283bb9d75e3eae8c2df090e2b20d9e9b4c6	40960	r3a/images/plain-c8191/025.db
c35020473aed1b4642cd726cad727b63fff2824ad68cedd7ffb73c7cbd890479	32768	r3a/images/plain-c8191/026-log.db
ac16d5413e10f67a36f8020f2eb3b283bb9d75e3eae8c2df090e2b20d9e9b4c6	40960	r3a/images/plain-c8191/026.db
2f61a734f3a7624b260568401b93286909fcceffe3e690203f69688997d48abd	32768	r3a/images/plain-c8191/027-log.db
ac16d5413e10f67a36f8020f2eb3b283bb9d75e3eae8c2df090e2b20d9e9b4c6	40960	r3a/images/plain-c8191/027.db
51b1eb679613810134656014366e6c8bd2de0e9a3d41b9e1f12b7d5914c8afef	32783	r3a/images/plain-c8191/028-log.db
ac16d5413e10f67a36f8020f2eb3b283bb9d75e3eae8c2df090e2b20d9e9b4c6	40960	r3a/images/plain-c8191/028.db
97cdbac1d9151e690608c580ac9fbf24ffbc134297c14c6093117da190e9b31f	49152	r3a/images/plain-c8191/029-log.db
ac16d5413e10f67a36f8020f2eb3b283bb9d75e3eae8c2df090e2b20d9e9b4c6	40960	r3a/images/plain-c8191/029.db
97cdbac1d9151e690608c580ac9fbf24ffbc134297c14c6093117da190e9b31f	49152	r3a/images/plain-c8191/030-log.db
434b0d4b11221d97b8349717f8c240dab6979e96da07e8ffa1f283337a15df4e	40960	r3a/images/plain-c8191/030.db
97cdbac1d9151e690608c580ac9fbf24ffbc134297c14c6093117da190e9b31f	49152	r3a/images/plain-c8191/031-log.db
397a758683cfaec6d8fec104975dbaf9cf35ca1891ccb7f0ce5b2645e6879b48	40960	r3a/images/plain-c8191/031.db
97cdbac1d9151e690608c580ac9fbf24ffbc134297c14c6093117da190e9b31f	49152	r3a/images/plain-c8191/032-log.db
c60092c98a10401d403e9808804577c919d523e945bca8c5eca5bcd72357d05a	40960	r3a/images/plain-c8191/032.db
97cdbac1d9151e690608c580ac9fbf24ffbc134297c14c6093117da190e9b31f	49152	r3a/images/plain-c8191/033-log.db
7d945ec7076b8d4ff48670431ea1bae1676b9eed2be5fe1322863a7271db1c0c	40960	r3a/images/plain-c8191/033.db
97cdbac1d9151e690608c580ac9fbf24ffbc134297c14c6093117da190e9b31f	49152	r3a/images/plain-c8191/034-log.db
231c4138a571a459d10c5f8f43a6331d9875b73c3f8ab33cd9e1e34cba39c7d9	40960	r3a/images/plain-c8191/034.db
97cdbac1d9151e690608c580ac9fbf24ffbc134297c14c6093117da190e9b31f	49152	r3a/images/plain-c8191/035-log.db
ab732c954bf24bcbad9857c8c2e9637d23e534f0b5d1f9615e55f118dcef5c1d	40960	r3a/images/plain-c8191/035.db
e3b0c44298fc1c149afbf4c8996fb92427ae41e4649b934ca495991b7852b855	0	r3a/images/plain-c8191/036-log.db
ab732c954bf24bcbad9857c8c2e9637d23e534f0b5d1f9615e55f118dcef5c1d	40960	r3a/images/plain-c8191/036.db
0922c89966778176da4c40ac1918d2b31da3b84741ef03a4729e3bb087a06a56	516112	r3a/images/plain-d16/000-log.db
a02cbef380ddb854b291614080ae974bf3de6832677c702e776fe98de32bbce7	40960	r3a/images/plain-d16/000.db
7dca985e785f6aaf26f0345454154454753f5d50f923730913f753f7f435b189	516127	r3a/images/plain-d16/001-log.db
a02cbef380ddb854b291614080ae974bf3de6832677c702e776fe98de32bbce7	40960	r3a/images/plain-d16/001.db
cc4369970056979a2e1f8970a86c42a7c6d75034209265df17a86a6c6cbc2392	532496	r3a/images/plain-d16/002-log.db
a02cbef380ddb854b291614080ae974bf3de6832677c702e776fe98de32bbce7	40960	r3a/images/plain-d16/002.db
cc4369970056979a2e1f8970a86c42a7c6d75034209265df17a86a6c6cbc2392	532496	r3a/images/plain-d16/003-log.db
a78fa9528a2359bebc11087699ef952aa80498bf00c2b8602262961d0af3cd9e	40960	r3a/images/plain-d16/003.db
e3b0c44298fc1c149afbf4c8996fb92427ae41e4649b934ca495991b7852b855	0	r3a/images/plain-d16/004-log.db
a78fa9528a2359bebc11087699ef952aa80498bf00c2b8602262961d0af3cd9e	40960	r3a/images/plain-d16/004.db
4994fe8bff97eaf92e6c3197a4d5318d1f68b97fa09fb1f3544bbcdfa3ebb6a1	15	r3a/images/plain-d16/005-log.db
a78fa9528a2359bebc11087699ef952aa80498bf00c2b8602262961d0af3cd9e	40960	r3a/images/plain-d16/005.db
78c7de804e774c5c1167ed7cd97a1db29d998ee80332f7de0b968efadc9faacb	32	r3a/images/plain-d16/006-log.db
a78fa9528a2359bebc11087699ef952aa80498bf00c2b8602262961d0af3cd9e	40960	r3a/images/plain-d16/006.db
5b9fc53c2151c996ded8545bb4f476550b0da845a8d1b9efbfa3c9cd9d44c691	47	r3a/images/plain-d16/007-log.db
a78fa9528a2359bebc11087699ef952aa80498bf00c2b8602262961d0af3cd9e	40960	r3a/images/plain-d16/007.db
c0ee2a31f46a1dd838ba348d6b99670fdafd51e09225c48f15fb5068d66395e8	8192	r3a/images/plain-d16/008-log.db
a78fa9528a2359bebc11087699ef952aa80498bf00c2b8602262961d0af3cd9e	40960	r3a/images/plain-d16/008.db
9cb7c6d9b1f337bb20b07b929a7f8c74b13395efe8e42b07c791bb9e95f0f4e7	8207	r3a/images/plain-d16/009-log.db
a78fa9528a2359bebc11087699ef952aa80498bf00c2b8602262961d0af3cd9e	40960	r3a/images/plain-d16/009.db
4459609d2d3b84385ef6662115411f8f4a4185d8de315a54e6eb6f4786c8204f	16384	r3a/images/plain-d16/010-log.db
a78fa9528a2359bebc11087699ef952aa80498bf00c2b8602262961d0af3cd9e	40960	r3a/images/plain-d16/010.db
405f135a342b70fca6f2d466263d0ae0330f4b9e705c143ac27051196b482413	16399	r3a/images/plain-d16/011-log.db
a78fa9528a2359bebc11087699ef952aa80498bf00c2b8602262961d0af3cd9e	40960	r3a/images/plain-d16/011.db
ebeaf87a15ec55fb9470aecf9bc2e44705c1bf057a1f41c2e826706e523233c2	24576	r3a/images/plain-d16/012-log.db
a78fa9528a2359bebc11087699ef952aa80498bf00c2b8602262961d0af3cd9e	40960	r3a/images/plain-d16/012.db
8fb3fb3435842c7ff21098bae2e2f8404fd205146d8f145ad11359bb49f9afe4	24591	r3a/images/plain-d16/013-log.db
a78fa9528a2359bebc11087699ef952aa80498bf00c2b8602262961d0af3cd9e	40960	r3a/images/plain-d16/013.db
3aa505d863e1684567c76e961f209ed06fff683f1821a3ae85dced019ddfcff1	32768	r3a/images/plain-d16/014-log.db
a78fa9528a2359bebc11087699ef952aa80498bf00c2b8602262961d0af3cd9e	40960	r3a/images/plain-d16/014.db
3aa505d863e1684567c76e961f209ed06fff683f1821a3ae85dced019ddfcff1	32768	r3a/images/plain-d16/015-log.db
4b7a0537ec75c81e67edb1d1a904984c17f4fd2109f99f077b1a9e75ed89cdf0	40960	r3a/images/plain-d16/015.db
3aa505d863e1684567c76e961f209ed06fff683f1821a3ae85dced019ddfcff1	32768	r3a/images/plain-d16/016-log.db
3c7645ddcf58b0439efb4281908b53c77e5918ee3a10f9ac7f2f846574da7ce5	40960	r3a/images/plain-d16/016.db
e3b0c44298fc1c149afbf4c8996fb92427ae41e4649b934ca495991b7852b855	0	r3a/images/plain-d16/017-log.db
3c7645ddcf58b0439efb4281908b53c77e5918ee3a10f9ac7f2f846574da7ce5	40960	r3a/images/plain-d16/017.db
3453b1eade1c0664c13e630a1b7c7ee4f30c1d107a4ba32a92175d7d8284be1e	15	r3a/images/plain-d16/018-log.db
3c7645ddcf58b0439efb4281908b53c77e5918ee3a10f9ac7f2f846574da7ce5	40960	r3a/images/plain-d16/018.db
8080beebabcea90a8c6b3535c0e39ebcc415bcdeced5c2b3f642826602fb76de	16384	r3a/images/plain-d16/019-log.db
3c7645ddcf58b0439efb4281908b53c77e5918ee3a10f9ac7f2f846574da7ce5	40960	r3a/images/plain-d16/019.db
8080beebabcea90a8c6b3535c0e39ebcc415bcdeced5c2b3f642826602fb76de	16384	r3a/images/plain-d16/020-log.db
581f77bf32ddb4e86c7e0c47225008f889338bce4b8740623cbac334302018d2	40960	r3a/images/plain-d16/020.db
8080beebabcea90a8c6b3535c0e39ebcc415bcdeced5c2b3f642826602fb76de	16384	r3a/images/plain-d16/021-log.db
a36b1828c9e7eb08a05a751ef1060db6f5ae2f5fd98da8d1086b24d5e466dc4b	40960	r3a/images/plain-d16/021.db
e3b0c44298fc1c149afbf4c8996fb92427ae41e4649b934ca495991b7852b855	0	r3a/images/plain-d16/022-log.db
a36b1828c9e7eb08a05a751ef1060db6f5ae2f5fd98da8d1086b24d5e466dc4b	40960	r3a/images/plain-d16/022.db
d4434a36c16d217742d5be2cb9d88b442d197701bb4a9cff7deb26c4c512b608	15	r3a/images/plain-d16/023-log.db
a36b1828c9e7eb08a05a751ef1060db6f5ae2f5fd98da8d1086b24d5e466dc4b	40960	r3a/images/plain-d16/023.db
5a209396ad79ad7ccf42ba94cde23c11f5bc1e24b0bd9ff2ffd31e24b94f3bda	8271	r3a/images/plain-d16/024-log.db
a36b1828c9e7eb08a05a751ef1060db6f5ae2f5fd98da8d1086b24d5e466dc4b	40960	r3a/images/plain-d16/024.db
ad807a51dceb32ac9ddd504eb3d9d67311d8e3cb868a35c8056228d52497be92	16527	r3a/images/plain-d16/025-log.db
a36b1828c9e7eb08a05a751ef1060db6f5ae2f5fd98da8d1086b24d5e466dc4b	40960	r3a/images/plain-d16/025.db
c35020473aed1b4642cd726cad727b63fff2824ad68cedd7ffb73c7cbd890479	32768	r3a/images/plain-d16/026-log.db
a36b1828c9e7eb08a05a751ef1060db6f5ae2f5fd98da8d1086b24d5e466dc4b	40960	r3a/images/plain-d16/026.db
5cb59c25a6f570dc9be1f56550c0ebce09805556942a275e8f06866241a9e40e	32768	r3a/images/plain-d16/027-log.db
a36b1828c9e7eb08a05a751ef1060db6f5ae2f5fd98da8d1086b24d5e466dc4b	40960	r3a/images/plain-d16/027.db
9d406f9fe36b3c8b4dd184cfa2b00f47c970303291368cdd1a248d2c44fd966c	32783	r3a/images/plain-d16/028-log.db
a36b1828c9e7eb08a05a751ef1060db6f5ae2f5fd98da8d1086b24d5e466dc4b	40960	r3a/images/plain-d16/028.db
b80b7810be3d743547ea8250ff07544726bf2cea0ede246e14011619781d77a1	49152	r3a/images/plain-d16/029-log.db
a36b1828c9e7eb08a05a751ef1060db6f5ae2f5fd98da8d1086b24d5e466dc4b	40960	r3a/images/plain-d16/029.db
b80b7810be3d743547ea8250ff07544726bf2cea0ede246e14011619781d77a1	49152	r3a/images/plain-d16/030-log.db
60d9c10cc01789dc9f16edd596b6e1e1eaf7d34fba5f68fb7cb91fef20898c17	40960	r3a/images/plain-d16/030.db
b80b7810be3d743547ea8250ff07544726bf2cea0ede246e14011619781d77a1	49152	r3a/images/plain-d16/031-log.db
ce083aee525233294f12799177d18f0ba8493b13442ef31b007f611c40bd6434	40960	r3a/images/plain-d16/031.db
b80b7810be3d743547ea8250ff07544726bf2cea0ede246e14011619781d77a1	49152	r3a/images/plain-d16/032-log.db
3742f78888775b5f9f4b66b909bb0e99f9dabb9adba148486f15ba7530a60659	40960	r3a/images/plain-d16/032.db
b80b7810be3d743547ea8250ff07544726bf2cea0ede246e14011619781d77a1	49152	r3a/images/plain-d16/033-log.db
9a26b0460414eabbbbd5d6598d2f1af18550bba20169c70bef05b4392bb2a823	40960	r3a/images/plain-d16/033.db
b80b7810be3d743547ea8250ff07544726bf2cea0ede246e14011619781d77a1	49152	r3a/images/plain-d16/034-log.db
345ff9568d5456850236710779ec3c4ad75f6e73b45d3e0fa75505e4d724e6e9	40960	r3a/images/plain-d16/034.db
b80b7810be3d743547ea8250ff07544726bf2cea0ede246e14011619781d77a1	49152	r3a/images/plain-d16/035-log.db
d826f2262c5767a282d2d56f561a57b66b6ad9a49d84162c75926a22b722a39a	40960	r3a/images/plain-d16/035.db
e3b0c44298fc1c149afbf4c8996fb92427ae41e4649b934ca495991b7852b855	0	r3a/images/plain-d16/036-log.db
d826f2262c5767a282d2d56f561a57b66b6ad9a49d84162c75926a22b722a39a	40960	r3a/images/plain-d16/036.db
b41b59d5f8e2349d38a2e2874032f70b4e551fa47854ee10b0dfb3107f8b813c	520192	r3a/images/plain-d4096/000-log.db
a02cbef380ddb854b291614080ae974bf3de6832677c702e776fe98de32bbce7	40960	r3a/images/plain-d4096/000.db
b2a8737b1f4d67b65bc26fc83b628a2d848d8cb2d2770c43e7813b6bc70c8109	520207	r3a/images/plain-d4096/001-log.db
a02cbef380ddb854b291614080ae974bf3de6832677c702e776fe98de32bbce7	40960	r3a/images/plain-d4096/001.db
ba20d9199191c9042204dddf250cecd0b177b0bbdfcd0ed7b8e53adab3ab7054	536576	r3a/images/plain-d4096/002-log.db
a02cbef380ddb854b291614080ae974bf3de6832677c702e776fe98de32bbce7	40960	r3a/images/plain-d4096/002.db
ba20d9199191c9042204dddf250cecd0b177b0bbdfcd0ed7b8e53adab3ab7054	536576	r3a/images/plain-d4096/003-log.db
a78fa9528a2359bebc11087699ef952aa80498bf00c2b8602262961d0af3cd9e	40960	r3a/images/plain-d4096/003.db
e3b0c44298fc1c149afbf4c8996fb92427ae41e4649b934ca495991b7852b855	0	r3a/images/plain-d4096/004-log.db
a78fa9528a2359bebc11087699ef952aa80498bf00c2b8602262961d0af3cd9e	40960	r3a/images/plain-d4096/004.db
4994fe8bff97eaf92e6c3197a4d5318d1f68b97fa09fb1f3544bbcdfa3ebb6a1	15	r3a/images/plain-d4096/005-log.db
a78fa9528a2359bebc11087699ef952aa80498bf00c2b8602262961d0af3cd9e	40960	r3a/images/plain-d4096/005.db
78c7de804e774c5c1167ed7cd97a1db29d998ee80332f7de0b968efadc9faacb	32	r3a/images/plain-d4096/006-log.db
a78fa9528a2359bebc11087699ef952aa80498bf00c2b8602262961d0af3cd9e	40960	r3a/images/plain-d4096/006.db
5b9fc53c2151c996ded8545bb4f476550b0da845a8d1b9efbfa3c9cd9d44c691	47	r3a/images/plain-d4096/007-log.db
a78fa9528a2359bebc11087699ef952aa80498bf00c2b8602262961d0af3cd9e	40960	r3a/images/plain-d4096/007.db
c0ee2a31f46a1dd838ba348d6b99670fdafd51e09225c48f15fb5068d66395e8	8192	r3a/images/plain-d4096/008-log.db
a78fa9528a2359bebc11087699ef952aa80498bf00c2b8602262961d0af3cd9e	40960	r3a/images/plain-d4096/008.db
9cb7c6d9b1f337bb20b07b929a7f8c74b13395efe8e42b07c791bb9e95f0f4e7	8207	r3a/images/plain-d4096/009-log.db
a78fa9528a2359bebc11087699ef952aa80498bf00c2b8602262961d0af3cd9e	40960	r3a/images/plain-d4096/009.db
4459609d2d3b84385ef6662115411f8f4a4185d8de315a54e6eb6f4786c8204f	16384	r3a/images/plain-d4096/010-log.db
a78fa9528a2359bebc11087699ef952aa80498bf00c2b8602262961d0af3cd9e	40960	r3a/images/plain-d4096/010.db
405f135a342b70fca6f2d466263d0ae0330f4b9e705c143ac27051196b482413	16399	r3a/images/plain-d4096/011-log.db
a78fa9528a2359bebc11087699ef952aa80498bf00c2b8602262961d0af3cd9e	40960	r3a/images/plain-d4096/011.db
ebeaf87a15ec55fb9470aecf9bc2e44705c1bf057a1f41c2e826706e523233c2	24576	r3a/images/plain-d4096/012-log.db
a78fa9528a2359bebc11087699ef952aa80498bf00c2b8602262961d0af3cd9e	40960	r3a/images/plain-d4096/012.db
8fb3fb3435842c7ff21098bae2e2f8404fd205146d8f145ad11359bb49f9afe4	24591	r3a/images/plain-d4096/013-log.db
a78fa9528a2359bebc11087699ef952aa80498bf00c2b8602262961d0af3cd9e	40960	r3a/images/plain-d4096/013.db
3aa505d863e1684567c76e961f209ed06fff683f1821a3ae85dced019ddfcff1	32768	r3a/images/plain-d4096/014-log.db
a78fa9528a2359bebc11087699ef952aa80498bf00c2b8602262961d0af3cd9e	40960	r3a/images/plain-d4096/014.db
3aa505d863e1684567c76e961f209ed06fff683f1821a3ae85dced019ddfcff1	32768	r3a/images/plain-d4096/015-log.db
e207cfa5f9196533ba019ee4503e41915b2a36a944c899ab0647e57c648ccd55	40960	r3a/images/plain-d4096/015.db
3aa505d863e1684567c76e961f209ed06fff683f1821a3ae85dced019ddfcff1	32768	r3a/images/plain-d4096/016-log.db
6466c3ab967787f8d0a918bf04ed942ce8664ba250d02da1e02f13e9cffe6eaa	40960	r3a/images/plain-d4096/016.db
e3b0c44298fc1c149afbf4c8996fb92427ae41e4649b934ca495991b7852b855	0	r3a/images/plain-d4096/017-log.db
6466c3ab967787f8d0a918bf04ed942ce8664ba250d02da1e02f13e9cffe6eaa	40960	r3a/images/plain-d4096/017.db
d99eabbf72653d4b9a9a7f6c12db465ee94e4292a8a6035aec4d139d8d58001b	15	r3a/images/plain-d4096/018-log.db
6466c3ab967787f8d0a918bf04ed942ce8664ba250d02da1e02f13e9cffe6eaa	40960	r3a/images/plain-d4096/018.db
3afe61f249ae4b8e2e16734ffe6e827667ed9f37da46ba1ada78b24f07216fc6	16384	r3a/images/plain-d4096/019-log.db
6466c3ab967787f8d0a918bf04ed942ce8664ba250d02da1e02f13e9cffe6eaa	40960	r3a/images/plain-d4096/019.db
3afe61f249ae4b8e2e16734ffe6e827667ed9f37da46ba1ada78b24f07216fc6	16384	r3a/images/plain-d4096/020-log.db
f098356f1c6d74902c4f435794ea31f538e3f356035f46c6f14792c9b804aa28	40960	r3a/images/plain-d4096/020.db
3afe61f249ae4b8e2e16734ffe6e827667ed9f37da46ba1ada78b24f07216fc6	16384	r3a/images/plain-d4096/021-log.db
ce5ce30c0f1c772754011ec16912f9b6f20637b42236477942137fb6fcc2744c	40960	r3a/images/plain-d4096/021.db
e3b0c44298fc1c149afbf4c8996fb92427ae41e4649b934ca495991b7852b855	0	r3a/images/plain-d4096/022-log.db
ce5ce30c0f1c772754011ec16912f9b6f20637b42236477942137fb6fcc2744c	40960	r3a/images/plain-d4096/022.db
d4434a36c16d217742d5be2cb9d88b442d197701bb4a9cff7deb26c4c512b608	15	r3a/images/plain-d4096/023-log.db
ce5ce30c0f1c772754011ec16912f9b6f20637b42236477942137fb6fcc2744c	40960	r3a/images/plain-d4096/023.db
5a209396ad79ad7ccf42ba94cde23c11f5bc1e24b0bd9ff2ffd31e24b94f3bda	8271	r3a/images/plain-d4096/024-log.db
ce5ce30c0f1c772754011ec16912f9b6f20637b42236477942137fb6fcc2744c	40960	r3a/images/plain-d4096/024.db
ad807a51dceb32ac9ddd504eb3d9d67311d8e3cb868a35c8056228d52497be92	16527	r3a/images/plain-d4096/025-log.db
ce5ce30c0f1c772754011ec16912f9b6f20637b42236477942137fb6fcc2744c	40960	r3a/images/plain-d4096/025.db
c35020473aed1b4642cd726cad727b63fff2824ad68cedd7ffb73c7cbd890479	32768	r3a/images/plain-d4096/026-log.db
ce5ce30c0f1c772754011ec16912f9b6f20637b42236477942137fb6fcc2744c	40960	r3a/images/plain-d4096/026.db
bb16a48ac9a2f23c06857021d4dc70da445e9418abec5adc13f3c357020b86aa	32768	r3a/images/plain-d4096/027-log.db
ce5ce30c0f1c772754011ec16912f9b6f20637b42236477942137fb6fcc2744c	40960	r3a/images/plain-d4096/027.db
35f71bd9ad11e2a64927c68f3634cfbc166094ec8ef50c8ef089dcb76c6cdc1a	32783	r3a/images/plain-d4096/028-log.db
ce5ce30c0f1c772754011ec16912f9b6f20637b42236477942137fb6fcc2744c	40960	r3a/images/plain-d4096/028.db
1cf26cc03aea6e6f1662c2d44ea9fe6f7878ed0d3fe5a11795f5c3e94570e72d	49152	r3a/images/plain-d4096/029-log.db
ce5ce30c0f1c772754011ec16912f9b6f20637b42236477942137fb6fcc2744c	40960	r3a/images/plain-d4096/029.db
1cf26cc03aea6e6f1662c2d44ea9fe6f7878ed0d3fe5a11795f5c3e94570e72d	49152	r3a/images/plain-d4096/030-log.db
0ad15b2514f02992b1acc63d1753ec27ff6c3f021cffcd42b886bbcd37d1360d	40960	r3a/images/plain-d4096/030.db
1cf26cc03aea6e6f1662c2d44ea9fe6f7878ed0d3fe5a11795f5c3e94570e72d	49152	r3a/images/plain-d4096/031-log.db
e58c191940d3d064760edf9b2835b5929f0358f92e59ec888988b629bb5d1ca9	40960	r3a/images/plain-d4096/031.db
1cf26cc03aea6e6f1662c2d44ea9fe6f7878ed0d3fe5a11795f5c3e94570e72d	49152	r3a/images/plain-d4096/032-log.db
25956eed1b9aa9b48cff70a77170214ee5a0c1feb8f42ec05ab0a59f39ae216b	40960	r3a/images/plain-d4096/032.db
1cf26cc03aea6e6f1662c2d44ea9fe6f7878ed0d3fe5a11795f5c3e94570e72d	49152	r3a/images/plain-d4096/033-log.db
9ffd0dad3781a3911c384a5640fc32fc22a15fe5606b267194b0523a8bde3c69	40960	r3a/images/plain-d4096/033.db
1cf26cc03aea6e6f1662c2d44ea9fe6f7878ed0d3fe5a11795f5c3e94570e72d	49152	r3a/images/plain-d4096/034-log.db
f200513003a5ba15f5eb6fc1099a14adba6cfd99df096e6715c3ed219aa6cd96	40960	r3a/images/plain-d4096/034.db
1cf26cc03aea6e6f1662c2d44ea9fe6f7878ed0d3fe5a11795f5c3e94570e72d	49152	r3a/images/plain-d4096/035-log.db
bbd2b48d03511b244ab290efd027596bda4b07ebc08c66d616f89a4f69556805	40960	r3a/images/plain-d4096/035.db
e3b0c44298fc1c149afbf4c8996fb92427ae41e4649b934ca495991b7852b855	0	r3a/images/plain-d4096/036-log.db
bbd2b48d03511b244ab290efd027596bda4b07ebc08c66d616f89a4f69556805	40960	r3a/images/plain-d4096/036.db
86f5de89195f43f95096cfa779443cedc2831c13d5f739a8b251b7f046913fe8	516196	r3a/images/plain-g100/000-log.db
a02cbef380ddb854b291614080ae974bf3de6832677c702e776fe98de32bbce7	40960	r3a/images/plain-g100/000.db
bbf08f911d41909604fcab86606960678c8c27193dca2d3bb3467e17ab5d0092	516211	r3a/images/plain-g100/001-log.db
a02cbef380ddb854b291614080ae974bf3de6832677c702e776fe98de32bbce7	40960	r3a/images/plain-g100/001.db
d44191f47a800da3651da9c8361289c28a70b3e58127cb287ebbf3c0e6e880e5	532580	r3a/images/plain-g100/002-log.db
a02cbef380ddb854b291614080ae974bf3de6832677c702e776fe98de32bbce7	40960	r3a/images/plain-g100/002.db
d44191f47a800da3651da9c8361289c28a70b3e58127cb287ebbf3c0e6e880e5	532580	r3a/images/plain-g100/003-log.db
a78fa9528a2359bebc11087699ef952aa80498bf00c2b8602262961d0af3cd9e	40960	r3a/images/plain-g100/003.db
e3b0c44298fc1c149afbf4c8996fb92427ae41e4649b934ca495991b7852b855	0	r3a/images/plain-g100/004-log.db
a78fa9528a2359bebc11087699ef952aa80498bf00c2b8602262961d0af3cd9e	40960	r3a/images/plain-g100/004.db
4994fe8bff97eaf92e6c3197a4d5318d1f68b97fa09fb1f3544bbcdfa3ebb6a1	15	r3a/images/plain-g100/005-log.db
a78fa9528a2359bebc11087699ef952aa80498bf00c2b8602262961d0af3cd9e	40960	r3a/images/plain-g100/005.db
78c7de804e774c5c1167ed7cd97a1db29d998ee80332f7de0b968efadc9faacb	32	r3a/images/plain-g100/006-log.db
a78fa9528a2359bebc11087699ef952aa80498bf00c2b8602262961d0af3cd9e	40960	r3a/images/plain-g100/006.db
5b9fc53c2151c996ded8545bb4f476550b0da845a8d1b9efbfa3c9cd9d44c691	47	r3a/images/plain-g100/007-log.db
a78fa9528a2359bebc11087699ef952aa80498bf00c2b8602262961d0af3cd9e	40960	r3a/images/plain-g100/007.db
c0ee2a31f46a1dd838ba348d6b99670fdafd51e09225c48f15fb5068d66395e8	8192	r3a/images/plain-g100/008-log.db
a78fa9528a2359bebc11087699ef952aa80498bf00c2b8602262961d0af3cd9e	40960	r3a/images/plain-g100/008.db
9cb7c6d9b1f337bb20b07b929a7f8c74b13395efe8e42b07c791bb9e95f0f4e7	8207	r3a/images/plain-g100/009-log.db
a78fa9528a2359bebc11087699ef952aa80498bf00c2b8602262961d0af3cd9e	40960	r3a/images/plain-g100/009.db
4459609d2d3b84385ef6662115411f8f4a4185d8de315a54e6eb6f4786c8204f	16384	r3a/images/plain-g100/010-log.db
a78fa9528a2359bebc11087699ef952aa80498bf00c2b8602262961d0af3cd9e	40960	r3a/images/plain-g100/010.db
405f135a342b70fca6f2d466263d0ae0330f4b9e705c143ac27051196b482413	16399	r3a/images/plain-g100/011-log.db
a78fa9528a2359bebc11087699ef952aa80498bf00c2b8602262961d0af3cd9e	40960	r3a/images/plain-g100/011.db
ebeaf87a15ec55fb9470aecf9bc2e44705c1bf057a1f41c2e826706e523233c2	24576	r3a/images/plain-g100/012-log.db
a78fa9528a2359bebc11087699ef952aa80498bf00c2b8602262961d0af3cd9e	40960	r3a/images/plain-g100/012.db
8fb3fb3435842c7ff21098bae2e2f8404fd205146d8f145ad11359bb49f9afe4	24591	r3a/images/plain-g100/013-log.db
a78fa9528a2359bebc11087699ef952aa80498bf00c2b8602262961d0af3cd9e	40960	r3a/images/plain-g100/013.db
3aa505d863e1684567c76e961f209ed06fff683f1821a3ae85dced019ddfcff1	32768	r3a/images/plain-g100/014-log.db
a78fa9528a2359bebc11087699ef952aa80498bf00c2b8602262961d0af3cd9e	40960	r3a/images/plain-g100/014.db
3aa505d863e1684567c76e961f209ed06fff683f1821a3ae85dced019ddfcff1	32768	r3a/images/plain-g100/015-log.db
ea32a65f97ac12120100202ece48c07e65cbc5a632c2b0adf151b63ff967a952	40960	r3a/images/plain-g100/015.db
3aa505d863e1684567c76e961f209ed06fff683f1821a3ae85dced019ddfcff1	32768	r3a/images/plain-g100/016-log.db
b1cc65373d61d627db8c2d795c6954b8b8f5b61c77d85cfc75f54b2ee686824d	40960	r3a/images/plain-g100/016.db
e3b0c44298fc1c149afbf4c8996fb92427ae41e4649b934ca495991b7852b855	0	r3a/images/plain-g100/017-log.db
b1cc65373d61d627db8c2d795c6954b8b8f5b61c77d85cfc75f54b2ee686824d	40960	r3a/images/plain-g100/017.db
36dd06facdc4764cca84f3534428e42634f88fc0a5305236814e45c685341def	15	r3a/images/plain-g100/018-log.db
b1cc65373d61d627db8c2d795c6954b8b8f5b61c77d85cfc75f54b2ee686824d	40960	r3a/images/plain-g100/018.db
f5621905a62efc8e53aaef3072e81a0c0954952d03a20d864bdfb6f5a976ae5d	16384	r3a/images/plain-g100/019-log.db
b1cc65373d61d627db8c2d795c6954b8b8f5b61c77d85cfc75f54b2ee686824d	40960	r3a/images/plain-g100/019.db
f5621905a62efc8e53aaef3072e81a0c0954952d03a20d864bdfb6f5a976ae5d	16384	r3a/images/plain-g100/020-log.db
5a2a348dca5b519161a7bf8f8b6f6594b37223f9d26a21902e1f4e5cfa5edeb3	40960	r3a/images/plain-g100/020.db
f5621905a62efc8e53aaef3072e81a0c0954952d03a20d864bdfb6f5a976ae5d	16384	r3a/images/plain-g100/021-log.db
59bc29bee40d6872182d2622a8a1d83c78bf71ec11f76ea02f0ddb79b9ecc214	40960	r3a/images/plain-g100/021.db
e3b0c44298fc1c149afbf4c8996fb92427ae41e4649b934ca495991b7852b855	0	r3a/images/plain-g100/022-log.db
59bc29bee40d6872182d2622a8a1d83c78bf71ec11f76ea02f0ddb79b9ecc214	40960	r3a/images/plain-g100/022.db
d4434a36c16d217742d5be2cb9d88b442d197701bb4a9cff7deb26c4c512b608	15	r3a/images/plain-g100/023-log.db
59bc29bee40d6872182d2622a8a1d83c78bf71ec11f76ea02f0ddb79b9ecc214	40960	r3a/images/plain-g100/023.db
5a209396ad79ad7ccf42ba94cde23c11f5bc1e24b0bd9ff2ffd31e24b94f3bda	8271	r3a/images/plain-g100/024-log.db
59bc29bee40d6872182d2622a8a1d83c78bf71ec11f76ea02f0ddb79b9ecc214	40960	r3a/images/plain-g100/024.db
ad807a51dceb32ac9ddd504eb3d9d67311d8e3cb868a35c8056228d52497be92	16527	r3a/images/plain-g100/025-log.db
59bc29bee40d6872182d2622a8a1d83c78bf71ec11f76ea02f0ddb79b9ecc214	40960	r3a/images/plain-g100/025.db
c35020473aed1b4642cd726cad727b63fff2824ad68cedd7ffb73c7cbd890479	32768	r3a/images/plain-g100/026-log.db
59bc29bee40d6872182d2622a8a1d83c78bf71ec11f76ea02f0ddb79b9ecc214	40960	r3a/images/plain-g100/026.db
1e65a0358513d13384503629d759667097b5562a3659e00e2c366707174f007b	32768	r3a/images/plain-g100/027-log.db
59bc29bee40d6872182d2622a8a1d83c78bf71ec11f76ea02f0ddb79b9ecc214	40960	r3a/images/plain-g100/027.db
38157dbe1424bf6eddaab8a9f11ab1ff902203d0fb0bc60d188209ce5ed9b066	32783	r3a/images/plain-g100/028-log.db
59bc29bee40d6872182d2622a8a1d83c78bf71ec11f76ea02f0ddb79b9ecc214	40960	r3a/images/plain-g100/028.db
040eacaf44daa3d71a59886a549d6b1b4e6489d9699973119f93235dfcf481bd	49152	r3a/images/plain-g100/029-log.db
59bc29bee40d6872182d2622a8a1d83c78bf71ec11f76ea02f0ddb79b9ecc214	40960	r3a/images/plain-g100/029.db
040eacaf44daa3d71a59886a549d6b1b4e6489d9699973119f93235dfcf481bd	49152	r3a/images/plain-g100/030-log.db
d723d74a848bb544f3b58a8e446a2d89582cc232bf9a173d5930279baeca352f	40960	r3a/images/plain-g100/030.db
040eacaf44daa3d71a59886a549d6b1b4e6489d9699973119f93235dfcf481bd	49152	r3a/images/plain-g100/031-log.db
4ec08596ac637628c5f70c69a017040a18b48c6a63cee26af0bba87c823242ee	40960	r3a/images/plain-g100/031.db
040eacaf44daa3d71a59886a549d6b1b4e6489d9699973119f93235dfcf481bd	49152	r3a/images/plain-g100/032-log.db
1e8c21bf1baa1eb4ee8dec4f0a6c030d4fdf9dbe7d7afbe44052d86d51456c5c	40960	r3a/images/plain-g100/032.db
040eacaf44daa3d71a59886a549d6b1b4e6489d9699973119f93235dfcf481bd	49152	r3a/images/plain-g100/033-log.db
52c54fc1e4f847f74763593ad3c46b10fae265340d38f3ec48cff62345cc2e9b	40960	r3a/images/plain-g100/033.db
040eacaf44daa3d71a59886a549d6b1b4e6489d9699973119f93235dfcf481bd	49152	r3a/images/plain-g100/034-log.db
1c4f0c581a15510de612537e8ddaf7b385fe7e4da9f62a731dc38e51ecc657d3	40960	r3a/images/plain-g100/034.db
040eacaf44daa3d71a59886a549d6b1b4e6489d9699973119f93235dfcf481bd	49152	r3a/images/plain-g100/035-log.db
6c8f38dc529351635fa48774074f287b96511dcda503d5ee9a252e6158347b50	40960	r3a/images/plain-g100/035.db
e3b0c44298fc1c149afbf4c8996fb92427ae41e4649b934ca495991b7852b855	0	r3a/images/plain-g100/036-log.db
6c8f38dc529351635fa48774074f287b96511dcda503d5ee9a252e6158347b50	40960	r3a/images/plain-g100/036.db
e39f7656c3227c3151f0ef11d1a81de33fe87a1ef67f4ddd470ee41332834477	16900096	runs/chain1/t.db
d3ba1337f449b86e0c2a26e8a2269e13863e4ee8ba3864198c1f3eb85b28d92b	17653760	runs/chain2/t.db
c5612ae889d468eb78e1d24d95d3e0fda366c6aaa56d854c6d83d610457b287b	17997824	runs/h-aes/t.db
a7c1c3f3d856495ceccbd18204be61bf7e2f586b609777b0208223d17c77606c	17539072	runs/h-default/t.db
ef26d9c0c7b4c7c9d1a1c9094845106f993cc1711531fbc2d073d8c4bd6e6342	17293312	runs/h-shared/t.db
fb6318f267f2864be86cc63b39678539b51ef3ef9dbecbe0d5e9d5cae453bc5f	68034560	runs/heada/t.db
8f999869612d952bcabb9c5cb4063ac029be647163435037f01629c2d21c184d	102547456	runs/v5a/t.db
79bc2cc106b0aa8f3205eb8595a86f1f91a0aa132efc682776d17408a4ac9529	868352	bank/b.db
abd8c4d2f66e94362fd38deb07c1fce78d9dd847b93504babee9f28a242eeb1f	1908736	perf/p.db
a4e5514630c98b8e627772f6904babda68dd97ba12f5b9921218d25c5c970369	1540096	ss5/s.db
548f230f4c5d19cc4e873565aeca734679d8a9430cb7bc0fd6303e745675ef69	1540096	ssh/s.db
e0863605c2ae8bb1e48983cbe1337aa656a9dd9e57053ff7476069afa1da9cae	40960	mx/heads/abcdefghijabcdefghijabcdefghijabcdefghijabcdefghijabcdefghijabcdefghijabcdefghijabcdefghij/app.db
93357b604c20e4c1be81afd4e135e019bedb7ee09568e5d9b7fd20ce0d6a3ddb	40960	mx/v5s/abcdefghijabcdefghijabcdefghijabcdefghijabcdefghijabcdefghijabcdefghijabcdefghijabcdefghij/app.db
8aac6a027b11da37e3974164b30ca6577db2fe895fc0425c055ec7e3e969f401	40960	mx/v5s/данныеданныеданныеданныеданныеданныеданныеданные/app.db
61d08c167743f7d84bbeb40c1e4f82617232d659693fb5d8c18f5d0913fcec1f	57344	gen5enc/out/check-log.db
80d9897f9e4f66cfa6a087a8e9935500413c65f03c8cf115d914f2a69c7417c4	49152	gen5enc/out/check.db
61d08c167743f7d84bbeb40c1e4f82617232d659693fb5d8c18f5d0913fcec1f	57344	gen5enc/out/crash-log.db
80d9897f9e4f66cfa6a087a8e9935500413c65f03c8cf115d914f2a69c7417c4	49152	gen5enc/out/crash.db
61d08c167743f7d84bbeb40c1e4f82617232d659693fb5d8c18f5d0913fcec1f	57344	gen5enc/out/encrypted-log.db
80d9897f9e4f66cfa6a087a8e9935500413c65f03c8cf115d914f2a69c7417c4	49152	gen5enc/out/encrypted.db
64dd221ccf799531880bf8609ec01367c53004100aad7fcf0f6c5305649fe9c6	40960	gen5u/unique-damaged.db
5cc3d5c796c55b14b9f50990eb87d6b270da367a57caa08eab9f9d0229f66d95	49152	gen5u/unique-temp-log.db
43ef3c50871da15048fde5d2b32b49d678f58369665ccaaf546e609cf10ca3df	8192	gen5u/unique-temp.db
64dd221ccf799531880bf8609ec01367c53004100aad7fcf0f6c5305649fe9c6	40960	gen5u/unique.db
64dd221ccf799531880bf8609ec01367c53004100aad7fcf0f6c5305649fe9c6	40960	gen5u/unique.db.pristine
fc57e955b895f9efe8cf74dfaad37d036d07f304de647fb2e1d63e1a9b2ec1af	139264	gen5keys/keys.db
590bc75904d7a1740528143291349f31841003944a7cc263ced96aaaf10378e8	40960	gen5021s/out/damaged.db
9dd0174b37712814fff89468b31c58cd64c61275b0581983c8bfba20da55d5e2	40960	genpre/vector-salvage.db
9dd0174b37712814fff89468b31c58cd64c61275b0581983c8bfba20da55d5e2	40960	pre114/out/vector-salvage.db
605ec25fd7c257af74d2c9bd9de19e8b5d9441cf0a7fccbe7154608c94e6bcf2	98304	pre114/out/vectors-encrypted.db
538abeb144036eece8068af2543b0ee22140fcd17af53fc29d633d09afce4f5c	90112	pre114/out/vectors.db
a26307577860fd50cdeb071eaccdd10bccb33059deb9607c383097ae0d2022ec	8192	r3c21/fx/encrypted-log.db
95519ac233c497cea99e24db838851a21de7b039e0620f356de31be9927ec137	122880	r3c21/fx/encrypted.db
e3b0c44298fc1c149afbf4c8996fb92427ae41e4649b934ca495991b7852b855	0	r3c21/fx/plain-log.db
fa1c337b198c7de28c059ce12ac55bdc08f178858987d5f6bf996f56c6a0533d	122880	r3c21/fx/plain.db
fa1c337b198c7de28c059ce12ac55bdc08f178858987d5f6bf996f56c6a0533d	122880	r3c21/ro21.db
2e23a96afa6519c0fab10793e5cb3366134c21c59c32c32b2106013464111e16	32768	r3a/p21b/damaged.db
681c091e9583f290dddddd1b46b5fc6e87b0665cd3702974634c7bf5c0944d5b	40960	r3a/vecthrow.db
2e23a96afa6519c0fab10793e5cb3366134c21c59c32c32b2106013464111e16	32768	r4a/damaged.db
4ef0b50ad6c802576930cfbf3e6aa6d8e1c3eaea7fcaa54d19cdc9a55558ef55	2244608	img/checkpoint0/d-log.db
59f00d0358e3195cb981829e1c6016761f41d48494e2c854fca1b884b22d174e	262144	img/checkpoint0/d.db
3ba99df484eea1ab41ecc0b6f435f39c4c4be96e8c04e16fd6ce6c474a4060cd	270336	img/encrypted-rebuild/d-backup.db
8c1473b1be620a2334d590321d7f3329cd3995786876f0484b6589dbea002342	65536	img/encrypted-rebuild/d-log.db
4a4876d7ed0f085698700828d3729b44e2adb601eff72a806c33b754728f7346	270336	img/encrypted-rebuild/d.db
3c387ef21425e31ffac0cc15832c107dc3b665f11ee4937192194813de67e6ea	90112	img/pragma/d-log.db
caaa68588015da414ca665d8290640ca57713c59aca251b3161a711f42a9ff41	262144	img/pragma/d.db
8b6fc797f1a2f3d6ae2aa53d77539b6d1407de4694a734bae2002038ae173bf9	262144	img/rebuild-collation/d-backup.db
ed620533b08f151b43ff9e1df171eb9646bb47016fd2405e5231a085204ca472	57344	img/rebuild-collation/d-log.db
642fd8fd2b7795b6203bdbc0b347a8086fe5fe570413583c438fb458d540ce9d	262144	img/rebuild-collation/d.db
f1ad522e13cb7df4d317b97aae03ec8e433884fbbdeb6c034abb126ca9b1f9f7	262144	img/rebuild/d-backup.db
b79671f268b6355bf20d750c873684aaab186d563505c6d131c83a5aa920b968	49152	img/rebuild/d-log.db
00496321e5420d3a1903e4cc98f0a0713b8d49581797c0d69876fd2ca89967a8	139264	img/rebuild/d.db
af6864cf7ba5a3f836b34ea736934e5d7a38e78071eeba30ef58c0c61f9b7348	73728	img/upgrade/d-backup.db
c8fcb76c9da8956b8573e83dce902554632ebfe2fce475ba81f75045efa13217	65536	img/upgrade/d-log.db
277e77faa3a27a60206e19a92f8167911f42fe7e538a249529cff9413775cba4	139264	img/upgrade/d.db
0ef3c0ef9b2ebed5c1193bf6054843d39c792eb668d09c9563610ccd5d8a519a	32768	big1/c-log.db
01a96e77cef03f06d04fba50ac447e1e73f83da2d00bed21c2d6e1710946cc69	14172160	big1/c.db
366053eca6f9e1e367749870f9bdd29b8caf8778878caac72ac6360908eeee63	65536	pre2/multi.db
366053eca6f9e1e367749870f9bdd29b8caf8778878caac72ac6360908eeee63	65536	pre3/multi-dropzeta.db
f0c8c47c731baf50268ab08faf593c80d272a59141bf51aff34fe2dd0b7a6d34	65536	pre3/multi.db
